Step,external_noise_direct,external_noise_prefix,external_noise_direct_ma25,external_noise_prefix_ma25,self_noise_direct,self_noise_prefix,self_noise_direct_ma25,self_noise_prefix_ma25,random_noise_direct,random_noise_prefix,random_noise_direct_ma25,random_noise_prefix_ma25
1,0.4615384638309479,0.375,0.5062299233216506,0.4412475342933948,0.390625,0.078125,0.48036859127191395,0.21875,0.4635416567325592,0.15625,0.484375,0.2091346153846154
2,0.343137264251709,0.3269230723381042,0.5079715166773114,0.4359203300305775,0.3385416567325592,0.3125,0.48251488379069735,0.2109375,0.421875,0.265625,0.4851190469094685,0.21428571428571427
3,0.4460784196853637,0.5192307829856873,0.5047734161218007,0.4306684990723928,0.3645833432674408,0.203125,0.47986111442248025,0.21041666666666667,0.4635416567325592,0.21875,0.48159722089767454,0.21666666666666667
4,0.5192307829856873,0.375,0.5146914254873991,0.43630379997193813,0.4375,0.140625,0.48632812686264515,0.205078125,0.4479166567325592,0.21875,0.4889322891831398,0.220703125
5,0.5,0.4749999940395355,0.5200489426360411,0.4400506352677065,0.484375,0.34375,0.4914215715492473,0.2113970588235294,0.453125,0.21875,0.49172793767031503,0.22426470588235295
6,0.4114583432674408,0.359375,0.5330860565106074,0.4459064089589649,0.3958333432674408,0.109375,0.505208334989018,0.21006944444444445,0.375,0.203125,0.5031828681627909,0.2378472222222222
7,0.5490196347236633,0.557692289352417,0.545276574398342,0.4477412935934569,0.5052083134651184,0.28125,0.5178179850703791,0.21217105263157895,0.5104166865348816,0.1875,0.516173243522644,0.2450657894736842
8,0.5384615659713745,0.5208333134651184,0.5492627456784248,0.4512470856308937,0.5416666865348816,0.171875,0.5208333358168602,0.2125,0.515625,0.25,0.5218749970197678,0.2515625
9,0.5384615659713745,0.4375,0.5571209830897195,0.4527750015258789,0.625,0.328125,0.5252976204667773,0.22172619047619047,0.5416666865348816,0.21875,0.5277777739933559,0.25818452380952384
10,0.5245097875595093,0.4230769276618957,0.5605542592026971,0.45113371312618256,0.4895833432674408,0.34375,0.5274621234698729,0.2237215909090909,0.453125,0.15625,0.5314867388118397,0.26207386363636365
11,0.6078431606292725,0.5384615659713745,0.561834507662317,0.4493763472722924,0.5364583134651184,0.125,0.5323822485364001,0.2262228260869565,0.578125,0.25,0.5350996333619823,0.264945652173913
12,0.4850000143051147,0.375,0.5648670432468256,0.44888149946928024,0.5,0.15625,0.5362413215140501,0.22721354166666666,0.4479166567325592,0.140625,0.5371093700329462,0.267578125
13,0.65625,0.453125,0.5676890289783478,0.45217623949050906,0.6354166865348816,0.25,0.5414583361148835,0.2275,0.625,0.234375,0.5408333277702332,0.274375
14,0.5306122303009033,0.3666666746139526,0.5798044133186341,0.46800957202911375,0.5104166865348816,0.109375,0.5558333361148834,0.235,0.4947916567325592,0.28125,0.5516666615009308,0.28625
15,0.4600000083446502,0.3571428656578064,0.6001173853874207,0.4824326491355896,0.4427083432674408,0.203125,0.5745833373069763,0.23875,0.4322916567325592,0.25,0.5685416615009308,0.2975
16,0.6634615659713745,0.5208333134651184,0.6037325811386108,0.4797884178161621,0.5833333134651184,0.125,0.5795833373069763,0.234375,0.5989583134651184,0.28125,0.5716666626930237,0.30375
17,0.6057692170143127,0.5,0.6085883498191833,0.4866634178161621,0.5729166865348816,0.3125,0.5881250047683716,0.24,0.5364583134651184,0.28125,0.5793749964237214,0.31375
18,0.7547169923782349,0.5454545617103577,0.6218536567687988,0.49499675154685974,0.7395833134651184,0.1875,0.6011989831924438,0.23625,0.6979166865348816,0.46875,0.5929166638851165,0.325
19,0.7647058963775635,0.4807692170143127,0.6355914008617402,0.5006217515468597,0.7447916865348816,0.25,0.6130739820003509,0.238125,0.75,0.375,0.6087499964237213,0.339375
20,0.625,0.5178571343421936,0.6447417271137238,0.503314059972763,0.578125,0.21875,0.6234906494617463,0.246875,0.6302083134651184,0.375,0.6187499964237213,0.35
21,0.7142857313156128,0.4833333194255829,0.6525910198688507,0.5058140599727631,0.6145833134651184,0.40625,0.6307823145389557,0.251875,0.6458333134651184,0.390625,0.6274999964237213,0.36125
22,0.6326530575752258,0.4166666567325592,0.6556525576114655,0.5061712026596069,0.5729166865348816,0.265625,0.630573982000351,0.24875,0.609375,0.34375,0.6304166615009308,0.37
23,0.5899999737739563,0.4107142984867096,0.6694869816303253,0.5122481250762939,0.640625,0.28125,0.6428656482696533,0.245625,0.6145833134651184,0.328125,0.645208328962326,0.3925
24,0.6346153616905212,0.4375,0.6802712953090668,0.5137865853309631,0.625,0.25,0.6555739831924439,0.249375,0.5833333134651184,0.328125,0.6560416615009308,0.40875
25,0.6354166865348816,0.53125,0.6946712958812714,0.5273580145835877,0.6666666865348816,0.234375,0.6699489831924439,0.256875,0.6302083134651184,0.4375,0.6731249952316284,0.425
26,0.7644230723381042,0.7708333134651184,0.6964212954044342,0.5328044438362122,0.75,0.265625,0.6709906482696533,0.25875,0.734375,0.453125,0.6752083277702332,0.43625
27,0.8509615659713745,0.6875,0.7021968066692352,0.5445663475990296,0.8072916865348816,0.40625,0.6775127553939819,0.26170833349227907,0.84375,0.546875,0.682083328962326,0.444375
28,0.5364583134651184,0.453125,0.7167379832267762,0.5579729413986206,0.4895833432674408,0.09375,0.6927210891246796,0.26608333349227903,0.5416666865348816,0.375,0.6968749952316284,0.461875
29,0.640625,0.546875,0.7205916786193848,0.56021653175354,0.6510416865348816,0.28125,0.6977210891246796,0.27108333349227903,0.640625,0.46875,0.700833330154419,0.476875
30,0.831632673740387,0.6833333373069763,0.7309762954711914,0.56521653175354,0.8112244606018066,0.25,0.709387754201889,0.26670833349227907,0.7916666865348816,0.5,0.7135416650772095,0.494375
31,0.7549019455909729,0.5,0.72898761510849,0.5669697785377502,0.6927083134651184,0.15625,0.706262754201889,0.2717083334922791,0.7708333134651184,0.5625,0.7124999976158142,0.500625
32,0.7777777910232544,0.625,0.7329993796348572,0.574881865978241,0.765625,0.5,0.7108460867404938,0.26983333349227906,0.7604166865348816,0.453125,0.7160416650772095,0.511875
33,0.7346938848495483,0.5833333134651184,0.7379993796348572,0.5804175806045532,0.7239583134651184,0.296875,0.716262754201889,0.27045833349227905,0.734375,0.53125,0.7202083325386047,0.519375
34,0.6150000095367432,0.4464285671710968,0.7439177465438843,0.5944175803661347,0.6197916865348816,0.25,0.726262754201889,0.26608333349227903,0.6145833134651184,0.4375,0.7289583325386048,0.530625
35,0.8703703880310059,0.574999988079071,0.7491998600959778,0.5992893767356873,0.796875,0.265625,0.7320960867404938,0.26420833349227907,0.8229166865348816,0.71875,0.7327083325386048,0.54
36,0.8774510025978088,0.5769230723381042,0.7557998609542846,0.6050036609172821,0.8541666865348816,0.21875,0.7360544192790985,0.26420833349227907,0.8489583134651184,0.65625,0.7377083325386047,0.551875
37,0.8450000286102295,0.7142857313156128,0.7631075549125671,0.6091703283786774,0.859375,0.34375,0.7420960867404938,0.26795833349227904,0.875,0.546875,0.7464583325386047,0.565625
38,0.699999988079071,0.5892857313156128,0.7724985790252685,0.6070869946479798,0.6614583134651184,0.296875,0.7489710867404937,0.27483333349227906,0.6770833134651184,0.515625,0.7545833325386048,0.575
39,0.675000011920929,0.6607142686843872,0.7753831934928894,0.5995869946479797,0.6734693646430969,0.1833333373069763,0.750637754201889,0.27733333349227907,0.6666666865348816,0.484375,0.7566666650772095,0.585625
40,0.8235294222831726,0.692307710647583,0.7730428433418274,0.5920869946479798,0.8229166865348816,0.3125,0.7498044192790985,0.27295833349227905,0.8020833134651184,0.6875,0.7524999976158142,0.593125
41,0.7598039507865906,0.5769230723381042,0.7839374518394471,0.5993466091156006,0.7083333134651184,0.25,0.7616794180870056,0.2873333334922791,0.6979166865348816,0.65625,0.762708330154419,0.60625
42,0.8653846383094788,0.625,0.788312451839447,0.6010430383682251,0.8645833134651184,0.203125,0.7673044180870057,0.28608333349227905,0.8541666865348816,0.71875,0.7662499976158142,0.618125
43,0.7049999833106995,0.5892857313156128,0.7814471459388733,0.5901382768154144,0.6614583134651184,0.3125,0.7629804396629334,0.28858333349227905,0.671875,0.625,0.7618749976158142,0.623125
44,0.8650000095367432,0.6785714030265808,0.7738000869750976,0.5870613539218903,0.859375,0.203125,0.7581887745857239,0.29358333349227905,0.8385416865348816,0.65625,0.7539583325386048,0.621875
45,0.75,0.65625,0.7769746899604797,0.5845613539218902,0.7135416865348816,0.234375,0.7619387745857239,0.28545833349227906,0.734375,0.5625,0.7577083325386047,0.635
46,0.8622449040412903,0.8333333134651184,0.7797437977790832,0.5766126370429993,0.8645833134651184,0.296875,0.7646471095085144,0.28608333349227905,0.8645833134651184,0.671875,0.759375,0.645625
47,0.7647058963775635,0.5384615659713745,0.7930284118652344,0.5854221618175507,0.71875,0.21875,0.7777721095085144,0.29170833349227904,0.703125,0.578125,0.7722916674613952,0.65625
48,0.7549999952316284,0.5535714030265808,0.7869635963439942,0.5855471622943879,0.7395833134651184,0.28125,0.7742304420471191,0.29108333349227905,0.7395833134651184,0.625,0.7691666674613953,0.653125
49,0.817307710647583,0.5416666865348816,0.7880655550956726,0.5960416686534882,0.7760416865348816,0.34375,0.7763137745857239,0.29920833349227904,0.8020833134651184,0.671875,0.7712500023841858,0.66125
50,0.870192289352417,0.4791666567325592,0.7830410647392273,0.5901369059085846,0.8385416865348816,0.40625,0.7704804420471192,0.29858333349227906,0.8333333134651184,0.671875,0.7639583349227905,0.6675
51,0.8365384340286255,0.5833333134651184,0.7892718338966369,0.5948988091945648,0.7916666865348816,0.328125,0.7792304420471191,0.30483333349227903,0.7864583134651184,0.71875,0.772916669845581,0.67875
52,0.7924528121948242,0.5,0.7955371403694153,0.6004702389240265,0.7864583134651184,0.296875,0.7827083349227906,0.313125,0.7395833134651184,0.734375,0.7781250023841858,0.688125
53,0.8088235259056091,0.6346153616905212,0.794636778831482,0.600777930021286,0.7864583134651184,0.453125,0.7804039120674133,0.3079583334922791,0.796875,0.703125,0.7777083373069763,0.6875
54,0.75,0.5892857313156128,0.7934899044036865,0.5986100971698761,0.7916666865348816,0.25,0.7810289120674133,0.30670833349227905,0.7291666865348816,0.765625,0.777916669845581,0.6875
55,0.6600000262260437,0.4107142984867096,0.7907112526893616,0.5949434316158295,0.703125,0.3125,0.7768622469902039,0.31170833349227905,0.6822916865348816,0.625,0.7743750023841858,0.685625
56,0.563725471496582,0.4230769276618957,0.7968249797821045,0.5952181565761566,0.5729166865348816,0.28125,0.7849872469902038,0.31545833349227903,0.5729166865348816,0.53125,0.7810416698455811,0.69125
57,0.8571428656578064,0.5625,0.7986249804496766,0.6002181565761566,0.859375,0.296875,0.7866539144515992,0.32483333349227905,0.8541666865348816,0.78125,0.7827083349227906,0.7
58,0.8039215803146362,0.3846153914928436,0.8033188581466675,0.5999681556224823,0.7916666865348816,0.3125,0.7908205795288086,0.32983333349227906,0.7760416865348816,0.796875,0.7868750023841858,0.711875
59,0.9471153616905212,0.6666666865348816,0.8007521390914917,0.5891348230838775,0.9479166865348816,0.390625,0.7870705795288085,0.3367083334922791,0.9375,0.703125,0.7816666698455811,0.7125
60,0.71875,0.578125,0.7985639023780823,0.5890249311923981,0.7083333134651184,0.25,0.7856122469902038,0.34358333349227904,0.7447916865348816,0.640625,0.7814583373069763,0.713125
61,0.9049999713897704,0.8392857313156128,0.7993442940711976,0.5930359208583832,0.90625,0.421875,0.7854039144515991,0.34795833349227906,0.9010416865348816,0.859375,0.7814583373069763,0.718125
62,0.7193877696990967,0.5666666626930237,0.7993442940711976,0.5955359208583831,0.7135416865348816,0.328125,0.7864455795288086,0.34795833349227906,0.6927083134651184,0.703125,0.7820833373069763,0.725
63,0.8557692170143127,0.7083333134651184,0.796536602973938,0.603512110710144,0.8802083134651184,0.453125,0.7835289120674134,0.3523333334922791,0.9010416865348816,0.796875,0.7808333373069763,0.7275
64,0.831632673740387,0.800000011920929,0.7928827571868896,0.5960121119022369,0.7604166865348816,0.390625,0.7808418369293213,0.34920833349227903,0.796875,0.71875,0.7779166722297668,0.729375
65,0.8010203838348389,0.699999988079071,0.787338490486145,0.5951787781715393,0.7653061151504517,0.1833333373069763,0.7745918369293213,0.35045833349227906,0.7916666865348816,0.671875,0.7747916722297669,0.72375
66,0.7311320900917053,0.5227272510528564,0.7839651417732239,0.5951274967193604,0.7239583134651184,0.21875,0.7739668369293213,0.34108333349227904,0.703125,0.65625,0.7745833396911621,0.725625
67,0.795918345451355,0.5333333611488342,0.780495753288269,0.5882227337360382,0.7604166865348816,0.328125,0.766050169467926,0.34670833349227903,0.765625,0.671875,0.7700000047683716,0.71625
68,0.8578431606292725,0.5961538553237915,0.7854683017730713,0.5987172389030456,0.8645833134651184,0.40625,0.7683418369293213,0.3498333334922791,0.8385416865348816,0.765625,0.7737500047683716,0.72
69,0.9100000262260436,0.8035714030265808,0.7907192826271057,0.6010798764228821,0.9010416865348816,0.4375,0.7756335020065308,0.35108333349227905,0.8802083134651184,0.875,0.7793750047683716,0.725625
70,0.8673469424247742,0.6499999761581421,0.7862335681915283,0.6007227325439453,0.8177083134651184,0.359375,0.7700085020065308,0.3523333334922791,0.8385416865348816,0.859375,0.7727083373069763,0.72375
71,0.7980769276618958,0.5625,0.7846767044067383,0.6096238315105438,0.7708333134651184,0.46875,0.7658418345451355,0.35108333349227905,0.734375,0.6875,0.7718750023841858,0.723125
72,0.7099999785423279,0.5357142686843872,0.7807543540000915,0.61022989153862,0.6822916865348816,0.390625,0.7612584996223449,0.35420833349227904,0.6979166865348816,0.59375,0.7670833349227906,0.73
73,0.7745097875595093,0.6538461446762085,0.7834043550491333,0.6156763207912445,0.734375,0.390625,0.7641751670837402,0.35670833349227904,0.7395833134651184,0.75,0.766875,0.73375
74,0.817307710647583,0.6041666865348816,0.7760043573379517,0.6063906061649322,0.8020833134651184,0.34375,0.757508499622345,0.3523333334922791,0.8177083134651184,0.84375,0.76,0.7275
75,0.800000011920929,0.6785714030265808,0.7734288454055787,0.6058667957782745,0.765625,0.515625,0.7558418321609497,0.35045833349227906,0.8020833134651184,0.734375,0.7585416674613953,0.72375
76,0.745192289352417,0.3958333432674408,0.777082691192627,0.6108667957782745,0.7244898080825806,0.25,0.7585501670837402,0.34670833349227903,0.7135416865348816,0.765625,0.7614583325386047,0.73
77,0.6538461446762085,0.4791666567325592,0.7734252262115479,0.6019437181949615,0.6302083134651184,0.328125,0.7570918321609497,0.35045833349227906,0.6614583134651184,0.59375,0.7591666650772094,0.731875
78,0.7244898080825806,0.6333333253860474,0.7753059792518616,0.5977898728847504,0.7708333134651184,0.21875,0.7600212550163269,0.36,0.7916666865348816,0.75,0.7622916650772095,0.736875
79,0.6632652878761292,0.4166666567325592,0.7822145414352417,0.6077141153812409,0.59375,0.390625,0.7656462550163269,0.3625,0.6145833134651184,0.53125,0.7710416650772095,0.745
80,0.7843137383460999,0.6730769276618958,0.7846635222434998,0.6103807818889618,0.7604166865348816,0.390625,0.7679379200935363,0.3575,0.7760416865348816,0.71875,0.7712499976158143,0.74875
81,0.6949999928474426,0.4821428656578064,0.7811497950553894,0.6086774837970733,0.7552083134651184,0.3125,0.7637712550163269,0.355625,0.7135416865348816,0.671875,0.767708330154419,0.746875
82,0.7450000047683716,0.5535714030265808,0.7814164614677429,0.6088423192501068,0.71875,0.328125,0.7639795875549317,0.35625,0.6875,0.734375,0.7691666650772094,0.74625
83,0.7649999856948853,0.6071428656578064,0.775350034236908,0.6028423202037811,0.6875,0.28125,0.7612712550163269,0.353125,0.7552083134651184,0.78125,0.7658333301544189,0.74125
84,0.849056601524353,0.6818181872367859,0.7736269569396973,0.6074851763248443,0.8333333134651184,0.46875,0.7623129224777222,0.353125,0.8177083134651184,0.875,0.7674999976158142,0.741875
85,0.7850000262260437,0.7142857313156128,0.7758269572257995,0.6053423202037811,0.78125,0.3125,0.7637712550163269,0.3475,0.7395833134651184,0.734375,0.7691666626930237,0.746875
86,0.7200000286102295,0.6071428656578064,0.7773955845832825,0.6099577057361603,0.7395833134651184,0.3125,0.7666879224777222,0.346875,0.7291666865348816,0.703125,0.7731249976158142,0.748125
87,0.6549999713897705,0.5535714030265808,0.7758797478675842,0.6050218069553375,0.671875,0.28125,0.7662372422218323,0.353125,0.65625,0.609375,0.7718749976158142,0.74375
88,0.9471153616905212,0.8333333134651184,0.778679747581482,0.6128789508342742,0.9479166865348816,0.359375,0.7697789096832275,0.34375,0.9739583134651184,0.953125,0.7747916650772094,0.748125
89,0.7401960492134094,0.5769230723381042,0.7814646482467651,0.6160456168651581,0.7239583134651184,0.484375,0.7720493173599243,0.35625,0.7395833134651184,0.765625,0.7781249976158142,0.74875
90,0.8480392098426819,0.5961538553237915,0.7904128432273865,0.6288789510726929,0.8385416865348816,0.421875,0.7810076522827148,0.364375,0.8697916865348816,0.796875,0.7879166650772095,0.758125
91,0.9038461446762084,0.7708333134651184,0.796033251285553,0.6292599034309387,0.8645833134651184,0.28125,0.7818409872055053,0.36875,0.921875,0.859375,0.788333330154419,0.760625
92,0.8571428656578064,0.6000000238418579,0.8012673449516297,0.6379778516292572,0.8177083134651184,0.203125,0.7901318025588989,0.36512500047683716,0.7708333134651184,0.765625,0.7958333301544189,0.77
93,0.7699999809265137,0.5535714030265808,0.8033563327789307,0.6393881070613862,0.7604166865348816,0.359375,0.7930484676361084,0.3613750004768372,0.75,0.71875,0.7981249952316284,0.771875
94,0.9166666865348816,0.807692289352417,0.8073210382461548,0.6470254695415497,0.90625,0.453125,0.7955484676361084,0.3670000004768372,0.9166666865348816,0.859375,0.8022916603088379,0.7775
95,0.7156862616539001,0.5,0.8026230788230896,0.6435492801666259,0.75,0.28125,0.7915901350975036,0.36075000047683714,0.7552083134651184,0.734375,0.7987499928474426,0.77125
96,0.7549999952316284,0.6785714030265808,0.8020230793952942,0.6472635650634766,0.796875,0.46875,0.7940901350975037,0.35950000047683717,0.7760416865348816,0.703125,0.7983333277702331,0.766875
97,0.7649999856948853,0.4821428656578064,0.7964608144760131,0.6435622668266296,0.71875,0.25,0.7909608840942383,0.34875000059604644,0.7395833134651184,0.71875,0.7927083277702331,0.759375
98,0.813725471496582,0.7692307829856873,0.7950608134269714,0.6369908380508423,0.8072916865348816,0.375,0.7903358840942383,0.34812500059604645,0.8385416865348816,0.78125,0.7937499952316284,0.76125
99,0.779411792755127,0.4807692170143127,0.796668975353241,0.640038456916809,0.7908163070678711,0.5,0.7897108840942383,0.35250000059604647,0.7864583134651184,0.734375,0.7947916603088379,0.765
100,0.8700000047683716,0.875,0.8029218077659607,0.6360774195194244,0.8541666865348816,0.28125,0.7938775515556336,0.35687500059604643,0.875,0.84375,0.7997916603088379,0.771875
101,0.8148148059844971,0.4749999940395355,0.7975862121582031,0.6281287014484406,0.78125,0.5625,0.7876275515556336,0.35187500059604643,0.796875,0.78125,0.7943749952316285,0.76625
102,0.8775510191917419,0.800000011920929,0.8012436771392822,0.6317184460163117,0.8541666865348816,0.53125,0.7905442190170288,0.3468750005960464,0.90625,0.828125,0.797708330154419,0.770625
103,0.8650000095367432,0.6428571343421936,0.795722107887268,0.6271580064296722,0.7916666865348816,0.328125,0.7874107146263123,0.34133333384990694,0.8020833134651184,0.8125,0.7931249952316284,0.769375
104,0.7941176295280457,0.6346153616905212,0.7909144163131714,0.6238246738910675,0.8010203838348389,0.3000000119209289,0.7838690495491027,0.34883333384990695,0.8020833134651184,0.765625,0.7874999952316284,0.764375
105,0.8365384340286255,0.7083333134651184,0.7879748558998108,0.6239913403987885,0.8333333134651184,0.296875,0.7815773844718933,0.35195833384990693,0.8333333134651184,0.765625,0.787708330154419,0.765625
106,0.7941176295280457,0.6730769276618958,0.7889748573303222,0.6289913403987885,0.8177083134651184,0.453125,0.7821811246871948,0.35425000011920926,0.8177083134651184,0.8125,0.7887499976158142,0.769375
107,0.6275510191917419,0.4666666686534881,0.7813647937774658,0.6148654675483703,0.6197916865348816,0.171875,0.7734311246871948,0.3473750001192093,0.5989583134651184,0.578125,0.7806249976158142,0.760625
108,0.75,0.699999988079071,0.7807373428344726,0.6155797529220581,0.75,0.25,0.7698894572257996,0.34862500011920927,0.7447916865348816,0.671875,0.7779166650772095,0.755
109,0.7099999785423279,0.5892857313156128,0.7860275387763977,0.6199753594398498,0.7551020383834839,0.2000000029802322,0.7723894572257995,0.3442500001192093,0.6770833134651184,0.6875,0.7822916650772095,0.76125
110,0.75,0.550000011920929,0.7905255794525147,0.6322281074523926,0.765625,0.296875,0.7765561246871948,0.3505000001192093,0.765625,0.78125,0.7870833325386047,0.76375
111,0.7602040767669678,0.6833333373069763,0.7930709004402161,0.6314588761329651,0.7239583134651184,0.421875,0.7780144572257995,0.34612500011920927,0.7552083134651184,0.796875,0.7881249976158142,0.765625
112,0.8113207817077637,0.4545454680919647,0.7980762457847596,0.6377836632728576,0.7760416865348816,0.390625,0.78117347240448,0.3511250001192093,0.78125,0.78125,0.7910416650772095,0.77
113,0.813725471496582,0.6346153616905212,0.7958252644538879,0.628937509059906,0.7916666865348816,0.234375,0.77742347240448,0.3561250001192093,0.8385416865348816,0.8125,0.7885416650772095,0.766875
114,0.831632673740387,0.6666666865348816,0.7936248302459716,0.6368605864048004,0.796875,0.359375,0.7751318049430848,0.3405000001192093,0.8229166865348816,0.875,0.7854166650772094,0.76625
115,0.7099999785423279,0.4821428656578064,0.7872983002662659,0.6268605864048005,0.7602040767669678,0.2833333313465118,0.7688818049430847,0.3336250001192093,0.7552083134651184,0.765625,0.7777083325386047,0.759375
116,0.7836538553237915,0.6875,0.7754433989524842,0.6196078395843506,0.7760416865348816,0.46875,0.7586734700202942,0.3273750001192093,0.78125,0.734375,0.7672916674613952,0.74625
117,0.7836538553237915,0.6041666865348816,0.7754433989524842,0.6219155335426331,0.7604166865348816,0.28125,0.7589243221282959,0.33162499964237213,0.7760416865348816,0.796875,0.7677083349227906,0.748125
118,0.7950000166893005,0.6785714030265808,0.7757073521614075,0.6251206636428833,0.7755101919174194,0.4166666567325592,0.7593409895896912,0.33662499964237214,0.7760416865348816,0.8125,0.767916669845581,0.750625
119,0.7264150977134705,0.4545454680919647,0.7812503385543823,0.6315309190750122,0.6875,0.28125,0.7626743245124817,0.32599999964237214,0.7135416865348816,0.640625,0.7714583373069763,0.755625
120,0.699999988079071,0.5178571343421936,0.7877169251441956,0.6344027149677277,0.6614583134651184,0.3125,0.7682993245124817,0.33662499964237214,0.6875,0.59375,0.7783333373069763,0.76375
121,0.8872548937797546,0.7884615659713745,0.7866752576828003,0.6357777154445649,0.859375,0.359375,0.7660076570510864,0.3403749996423721,0.8854166865348816,0.859375,0.7760416698455811,0.765625
122,0.8774510025978088,0.7884615659713745,0.7932752585411071,0.6472062861919403,0.8229166865348816,0.40625,0.7693452429771424,0.3467499995231628,0.859375,0.78125,0.7852083373069764,0.77375
123,0.8773584961891174,0.75,0.7982752585411071,0.6552062857151032,0.84375,0.265625,0.773303575515747,0.3548749995231628,0.8645833134651184,0.828125,0.7881250047683716,0.77625
124,0.9045454263687134,0.6388888955116272,0.7978670954704284,0.6471586668491364,0.8697916865348816,0.625,0.7737202429771424,0.35299999952316286,0.859375,0.84375,0.7864583396911621,0.77375
125,0.813725471496582,0.6538461446762085,0.8025840759277344,0.6526132106781006,0.7604166865348816,0.40625,0.7793452429771424,0.35362499952316284,0.8125,0.765625,0.7918750071525573,0.778125
126,0.7598039507865906,0.6730769276618958,0.8056350564956665,0.6543714523315429,0.7239583134651184,0.171875,0.7807398009300232,0.35958333253860475,0.71875,0.765625,0.7931250071525574,0.78
127,0.7193877696990967,0.550000011920929,0.8019697499275208,0.6484190702438355,0.6979166865348816,0.359375,0.7782398009300232,0.35270833253860473,0.7135416865348816,0.65625,0.7895833396911621,0.773125
128,0.5686274766921997,0.4615384638309479,0.8039779138565063,0.652466688156128,0.5364583134651184,0.171875,0.7763733053207398,0.35699999928474424,0.5416666865348816,0.484375,0.7883333396911621,0.770625
129,0.7941176295280457,0.692307710647583,0.8073256373405456,0.6549666881561279,0.8072916865348816,0.40625,0.7782483053207397,0.35074999928474426,0.8125,0.8125,0.7908333396911621,0.775
130,0.843137264251709,0.7884615659713745,0.8077794837951661,0.660085735321045,0.84375,0.421875,0.7790816378593445,0.3526249992847443,0.8385416865348816,0.828125,0.7904166722297669,0.771875
131,0.932692289352417,0.8333333134651184,0.8097794842720032,0.652228593826294,0.9010416865348816,0.1875,0.7813945627212524,0.3472083330154419,0.90625,0.9375,0.7937500047683715,0.7725
132,0.7892156839370728,0.5384615659713745,0.8146444487571717,0.6640467751026153,0.7604166865348816,0.4375,0.7868112301826478,0.35158333301544187,0.7708333134651184,0.78125,0.7989583373069763,0.77875
133,0.7239583134651184,0.734375,0.8140444493293763,0.6640467751026153,0.6927083134651184,0.34375,0.7863945651054383,0.3534583330154419,0.6875,0.71875,0.7972916698455811,0.78
134,0.875,0.875,0.8143234848976135,0.6591749799251556,0.8385416865348816,0.359375,0.785977897644043,0.3572083330154419,0.90625,0.890625,0.7958333349227905,0.778125
135,0.875,0.75,0.8028989148139953,0.6396365177631378,0.8645833134651184,0.5,0.7747278976440429,0.3478333330154419,0.8385416865348816,0.84375,0.7837500023841858,0.765625
136,0.75,0.4821428656578064,0.8057291030883789,0.640545607805252,0.734375,0.375,0.778477897644043,0.3597083330154419,0.7135416865348816,0.734375,0.7877083373069763,0.768125
137,0.9292452931404114,0.5909090638160706,0.7926085114479064,0.6316567182540893,0.9166666865348816,0.40625,0.7645195627212524,0.3465833330154419,0.9166666865348816,0.890625,0.7725000035762787,0.753125
138,0.8899999856948853,0.6785714030265808,0.7900594925880432,0.6301182579994201,0.8265306353569031,0.3833333253860473,0.7622278952598571,0.3397083330154419,0.8697916865348816,0.859375,0.7685416710376739,0.75125
139,0.7400000095367432,0.5178571343421936,0.792932641506195,0.6305285143852234,0.734375,0.1875,0.7663945627212524,0.3522083330154419,0.734375,0.703125,0.7729166710376739,0.753125
140,0.7602040767669678,0.5833333134651184,0.795177538394928,0.6325285148620605,0.7135416865348816,0.390625,0.7672278952598571,0.3553333330154419,0.7239583134651184,0.703125,0.7752083361148834,0.755625
141,0.8673469424247742,0.75,0.8036324381828308,0.6376384055614471,0.8229166865348816,0.3125,0.7747278952598572,0.3647083330154419,0.84375,0.84375,0.7837500011920929,0.763125
142,0.7950000166893005,0.7321428656578064,0.8052010655403137,0.634561482667923,0.78125,0.328125,0.7738945603370666,0.3647083330154419,0.765625,0.71875,0.7835416686534882,0.76125
143,0.8450000286102295,0.4821428656578064,0.807750084400177,0.6322537887096406,0.8333333134651184,0.28125,0.7753528928756714,0.3734583330154419,0.859375,0.828125,0.7860416686534881,0.764375
144,0.8480392098426819,0.75,0.8016423916816712,0.6239204561710358,0.8229166865348816,0.390625,0.7705612254142761,0.3759583330154419,0.84375,0.796875,0.7804166686534881,0.75625
145,0.6850000023841858,0.5178571343421936,0.8000737643241882,0.6255069935321808,0.6510416865348816,0.359375,0.7686862254142761,0.3690833330154419,0.6458333134651184,0.625,0.7795833361148834,0.750625
146,0.8942307829856873,0.6666666865348816,0.8024879813194274,0.6238243019580841,0.8489583134651184,0.453125,0.7716028928756714,0.3728333330154419,0.8489583134651184,0.8125,0.7841666686534882,0.751875
147,0.5918367505073547,0.3000000119209289,0.8021818590164185,0.6154909694194793,0.5416666865348816,0.171875,0.7722278928756714,0.3734583330154419,0.5572916865348816,0.46875,0.7818750011920929,0.7475
148,0.948113203048706,0.7727272510528564,0.8017972445487976,0.6171576368808747,0.9375,0.5625,0.7707695603370667,0.3715833330154419,0.9635416865348816,0.890625,0.7820833337306976,0.74625
149,0.5765306353569031,0.4166666567325592,0.8041972446441651,0.6257290661334991,0.5208333134651184,0.296875,0.7732695603370666,0.3772083330154419,0.4791666567325592,0.46875,0.7845833337306977,0.74875
150,0.75,0.6153846383094788,0.7990682482719421,0.6327593696117401,0.703125,0.234375,0.7691028928756714,0.3784583330154419,0.7135416865348816,0.71875,0.7791666662693024,0.741875
151,0.831632673740387,0.6833333373069763,0.7959682488441467,0.6347831809520721,0.828125,0.484375,0.7679166674613953,0.375,0.828125,0.8125,0.7764583313465119,0.738125
152,0.7755101919174194,0.6000000238418579,0.790118248462677,0.6371938955783844,0.71875,0.4375,0.7627083349227906,0.374375,0.7708333134651184,0.71875,0.7718749988079071,0.735625
153,0.7799999713897705,0.5892857313156128,0.7931100845336914,0.6360034191608429,0.7239583134651184,0.40625,0.765625,0.373125,0.7552083134651184,0.671875,0.7747916662693024,0.738125
154,0.8333333134651184,0.6153846383094788,0.7937103247642517,0.6375418817996978,0.7864583134651184,0.40625,0.7683333325386047,0.37125,0.8072916865348816,0.765625,0.7770833337306976,0.739375
155,0.906862735748291,0.7307692170143127,0.8007564783096314,0.6432561671733856,0.8802083134651184,0.640625,0.7752083325386048,0.376875,0.9010416865348816,0.90625,0.7852083337306976,0.750625
156,0.7799999713897705,0.625,0.7945564770698548,0.6453990232944489,0.78125,0.25,0.7679166674613953,0.380625,0.765625,0.734375,0.7783333337306977,0.744375
157,0.75,0.578125,0.7979426002502441,0.6470656907558441,0.7135416865348816,0.265625,0.771875,0.391875,0.75,0.640625,0.7820833337306976,0.751875
158,0.7843137383460999,0.692307710647583,0.8017190718650817,0.6509667909145356,0.765625,0.4375,0.7754166650772095,0.400625,0.8020833134651184,0.75,0.7883333337306976,0.76
159,0.8673469424247742,0.6666666865348816,0.7979106259346008,0.6527616608142853,0.8541666865348816,0.375,0.7729166650772095,0.395,0.8489583134651184,0.78125,0.7866666686534881,0.75875
160,0.8653846383094788,0.7916666865348816,0.8065288233757019,0.6676366603374482,0.828125,0.453125,0.783333330154419,0.400625,0.84375,0.8125,0.7964583337306976,0.770625
161,0.8100000023841858,0.6964285969734192,0.7999768447875977,0.6567275702953339,0.796875,0.515625,0.7741666626930237,0.38875,0.7760416865348816,0.796875,0.7877083337306976,0.7625
162,0.8010203838348389,0.7666666507720947,0.8120099592208863,0.6682427215576172,0.8125,0.4375,0.7868749976158143,0.39125,0.78125,0.71875,0.8016666674613953,0.7775
163,0.8125,0.7291666865348816,0.8133307147026062,0.6709000635147094,0.796875,0.296875,0.7870833301544189,0.39625,0.8020833134651184,0.765625,0.8035416674613952,0.776875
164,0.59375,0.578125,0.8120654082298279,0.664995300769806,0.6041666865348816,0.171875,0.784583330154419,0.3875,0.6197916865348816,0.640625,0.800625,0.775625
165,0.8349999785423279,0.5535714030265808,0.8130057859420776,0.6656106853485108,0.7864583134651184,0.359375,0.7864583301544189,0.3875,0.796875,0.765625,0.80125,0.776875
166,0.8823529481887817,0.7884615659713745,0.8122224545478821,0.6657892560958862,0.890625,0.265625,0.7874999976158142,0.384375,0.9010416865348816,0.875,0.8020833349227905,0.780625
167,0.9711538553237916,0.875,0.8058278965950012,0.6645072031021119,0.953125,0.46875,0.7829166650772095,0.385625,0.96875,1.0,0.796875,0.778125
168,0.6899999976158142,0.5357142686843872,0.8007778763771057,0.6592764353752136,0.6510416865348816,0.375,0.779375,0.375,0.6875,0.671875,0.7910416650772095,0.7725
169,0.932692289352417,0.7916666865348816,0.8023778772354127,0.6628478646278382,0.921875,0.671875,0.78125,0.385625,0.9375,0.984375,0.7931249976158142,0.778125
170,0.779411792755127,0.6153846383094788,0.8107112097740173,0.6722228646278381,0.7395833134651184,0.578125,0.7908333325386048,0.393125,0.8020833134651184,0.828125,0.7993749976158142,0.789375
171,0.7990196347236633,0.7115384340286255,0.816985719203949,0.6737613248825073,0.7864583134651184,0.3125,0.7969430255889892,0.3936249995231628,0.8072916865348816,0.78125,0.8033333325386047,0.799375
172,0.8072916865348816,0.671875,0.8078020453453064,0.6710946583747863,0.8020833134651184,0.3125,0.7867346906661987,0.39049999952316283,0.8020833134651184,0.765625,0.7941666674613953,0.791875
173,0.7843137383460999,0.5,0.8043631315231323,0.6671202993392944,0.7083333134651184,0.265625,0.7819430232048035,0.38487499952316284,0.7447916865348816,0.6875,0.7891666674613953,0.786875
174,0.8773584961891174,0.7045454382896423,0.8064529275894166,0.6712631559371949,0.8385416865348816,0.359375,0.7825680232048035,0.37862499952316286,0.828125,0.84375,0.791875,0.7875
175,0.7830188870429993,0.6818181872367859,0.8047967267036438,0.6664298224449158,0.7083333134651184,0.359375,0.7790263557434082,0.3754999995231628,0.7604166865348816,0.703125,0.7904166674613953,0.788125
176,0.800000011920929,0.5357142686843872,0.8066967272758484,0.6615488696098327,0.765625,0.265625,0.7804846882820129,0.37862499952316286,0.7552083134651184,0.78125,0.7920833349227905,0.788125
177,0.7990196347236633,0.6153846383094788,0.8160079526901245,0.6644238686561584,0.765625,0.4375,0.7871513533592224,0.3861249995231628,0.7864583134651184,0.75,0.799375,0.795625
178,0.7604166865348816,0.59375,0.8130161166191101,0.6656143450737,0.75,0.328125,0.7861096882820129,0.38924999952316286,0.7760416865348816,0.765625,0.7979166674613952,0.795
179,0.6734693646430969,0.5833333134651184,0.8077219986915588,0.6594092154502869,0.671875,0.4375,0.7819430208206177,0.3911249995231628,0.6770833134651184,0.703125,0.7933333325386047,0.790625
180,0.7806122303009033,0.6000000238418579,0.801584177017212,0.6569092154502869,0.7916666865348816,0.375,0.7777763533592225,0.38237499952316284,0.7552083134651184,0.765625,0.7877083325386047,0.781875
181,0.8199999928474426,0.7142857313156128,0.8092782950401306,0.6654806447029114,0.828125,0.515625,0.7844430184364319,0.37674999952316285,0.8177083134651184,0.875,0.793125,0.7875
182,0.9583333134651184,0.8125,0.8047157025337219,0.6607370543479919,0.953125,0.453125,0.7809013509750367,0.36174999952316284,0.90625,0.921875,0.788125,0.78125
183,0.9411764740943908,0.7307692170143127,0.8053039360046387,0.6676601314544678,0.918367326259613,0.449999988079071,0.7834013509750366,0.35112499952316284,0.9010416865348816,1.0,0.789375,0.780625
184,0.6377550959587097,0.6000000238418579,0.802766227722168,0.6591985940933227,0.5989583134651184,0.296875,0.7809013509750367,0.34862499952316284,0.6197916865348816,0.59375,0.7872916650772095,0.77625
185,0.779411792755127,0.692307710647583,0.8062745594978332,0.6551807379722595,0.7083333134651184,0.3125,0.7838180184364318,0.34862499952316284,0.71875,0.6875,0.790625,0.779375
186,0.8622449040412903,0.800000011920929,0.8049020099639893,0.6613345837593079,0.8125,0.359375,0.7850680184364319,0.3573749995231628,0.84375,0.8125,0.7908333325386048,0.7825
187,0.7596153616905212,0.6458333134651184,0.8037660026550293,0.6600277662277222,0.7239583134651184,0.359375,0.7844430184364319,0.35862499952316285,0.7447916865348816,0.734375,0.7908333325386048,0.78
188,0.8600000143051147,0.6071428656578064,0.8034256386756897,0.6558319616317749,0.8333333134651184,0.375,0.7867346858978271,0.35862499952316285,0.84375,0.765625,0.7906249976158142,0.783125
189,0.8265306353569031,0.6499999761581421,0.799464852809906,0.6590187764167785,0.7708333134651184,0.359375,0.784272952079773,0.3646666657924652,0.8020833134651184,0.828125,0.7885416650772095,0.780625
190,0.7602040767669678,0.5833333134651184,0.8021194529533386,0.6602367234230041,0.7604166865348816,0.4375,0.7882312846183777,0.3696666657924652,0.7604166865348816,0.75,0.7916666650772095,0.783125
191,0.75,0.6333333253860474,0.8029272747039795,0.661820056438446,0.7864583134651184,0.3125,0.7865646171569824,0.3709166657924652,0.7864583134651184,0.765625,0.7897916650772094,0.7825
192,0.8177083134651184,0.8125,0.8100269627571106,0.6659867238998413,0.8489583134651184,0.25,0.7917729496955872,0.3646666657924652,0.828125,0.78125,0.7958333325386048,0.785625
193,0.8823529481887817,0.75,0.8182469177246093,0.676986722946167,0.8177083134651184,0.234375,0.7982312822341919,0.3721666657924652,0.8229166865348816,0.8125,0.8045833325386047,0.79375
194,0.8186274766921997,0.6730769276618958,0.8150623035430908,0.6650819599628448,0.8333333134651184,0.296875,0.7946896147727966,0.36091666579246523,0.8125,0.828125,0.800625,0.7875
195,0.7941176295280457,0.7884615659713745,0.8134597396850586,0.6609152925014495,0.8020833134651184,0.3125,0.7921896147727966,0.3627916657924652,0.8333333134651184,0.8125,0.7997916674613953,0.7875
196,0.7355769276618958,0.5,0.8060167622566223,0.6536845242977143,0.7239583134651184,0.25,0.7867049217224121,0.36229166626930237,0.7552083134651184,0.671875,0.7933333325386047,0.77625
197,0.8949999809265137,0.5714285969734192,0.8153065586090088,0.6568273794651032,0.875,0.3125,0.7954549217224121,0.3666666662693024,0.8854166865348816,0.84375,0.8029166650772095,0.786875
198,0.75,0.6538461446762085,0.8131685495376587,0.6491350710391999,0.7395833134651184,0.484375,0.7944132566452027,0.3691666662693024,0.75,0.765625,0.8031249976158142,0.785
199,0.8489583134651184,0.671875,0.8131018304824829,0.6454684031009674,0.8229166865348816,0.390625,0.7958715891838074,0.3672916662693024,0.828125,0.78125,0.804583330154419,0.784375
200,0.7745097875595093,0.5769230723381042,0.8178192567825318,0.6496350705623627,0.765625,0.359375,0.8014965891838074,0.37604166626930235,0.7552083134651184,0.78125,0.8106249952316285,0.789375
201,0.7009803652763367,0.6153846383094788,0.8123988485336304,0.6473493564128876,0.704081654548645,0.4166666567325592,0.7975382566452026,0.3772916662693024,0.703125,0.71875,0.8060416626930237,0.7875
202,0.8653846383094788,0.6458333134651184,0.810737624168396,0.6463493573665618,0.8645833134651184,0.5625,0.7956632566452027,0.3829166662693024,0.8645833134651184,0.8125,0.8029166626930236,0.785625
203,0.7806122303009033,0.6333333253860474,0.8129825234413147,0.6470160257816314,0.7083333134651184,0.359375,0.7975382566452026,0.3772916662693024,0.7291666865348816,0.75,0.8045833277702331,0.786875
204,0.8509615659713745,0.6875,0.8174923276901245,0.652451924085617,0.8020833134651184,0.28125,0.8008715915679931,0.37791666626930237,0.828125,0.78125,0.8072916626930237,0.79
205,0.9861111044883728,0.875,0.8147839951515198,0.6413804948329925,0.953125,0.5625,0.7950382590293884,0.38666666626930235,0.9739583134651184,0.96875,0.803333330154419,0.785
206,0.7403846383094788,0.4166666567325592,0.8128898763656616,0.6335233509540558,0.7395833134651184,0.234375,0.7948299264907837,0.3960416662693024,0.71875,0.71875,0.8035416626930236,0.784375
207,0.9182692170143129,0.7083333134651184,0.8130614447593689,0.6291002738475799,0.890625,0.5,0.7942049264907837,0.4010416662693024,0.8854166865348816,0.921875,0.8043749952316284,0.78125
208,0.7551020383834839,0.550000011920929,0.8126967406272888,0.6211332404613494,0.78125,0.4375,0.7933715939521789,0.4004166662693024,0.7395833134651184,0.71875,0.8035416626930236,0.77875
209,0.8700000047683716,0.6785714030265808,0.8134736633300781,0.6282760965824127,0.8177083134651184,0.40625,0.792121593952179,0.41041666626930234,0.859375,0.859375,0.8024999976158143,0.780625
210,0.7259615659713745,0.5,0.8143403315544129,0.637918952703476,0.6822916865348816,0.375,0.7937882614135742,0.4216666662693024,0.7239583134651184,0.640625,0.8027083301544189,0.7825
211,0.8605769276618958,0.7083333134651184,0.8174775862693786,0.6386881840229034,0.8489583134651184,0.3125,0.7952465963363647,0.41979166626930237,0.8802083134651184,0.796875,0.8060416626930237,0.781875
212,0.8775510191917419,0.75,0.8176859211921692,0.6405631840229035,0.8645833134651184,0.578125,0.7964965963363647,0.42479166626930237,0.8958333134651184,0.859375,0.8074999952316284,0.78625
213,0.7244898080825806,0.550000011920929,0.8251055288314819,0.6510576903820038,0.734375,0.40625,0.8028103709220886,0.42708333253860475,0.7291666865348816,0.71875,0.814583330154419,0.79125
214,0.7850000262260437,0.625,0.8254336619377136,0.6484423053264617,0.7239583134651184,0.5,0.8019387722015381,0.42041666626930235,0.7239583134651184,0.78125,0.813958330154419,0.79
215,0.8163265585899353,0.6000000238418579,0.8169407248497009,0.642608972787857,0.8072916865348816,0.296875,0.7929804396629333,0.4166666662693024,0.8020833134651184,0.78125,0.8058333301544189,0.78
216,0.8627451062202454,0.7692307829856873,0.8211879348754882,0.6436392772197723,0.8697916865348816,0.328125,0.8004804396629334,0.42041666626930235,0.8541666865348816,0.84375,0.8114583301544189,0.785625
217,0.75,0.5357142686843872,0.8251886868476868,0.6522931230068206,0.703125,0.46875,0.8061054396629334,0.42854166626930235,0.7291666865348816,0.65625,0.8149999976158142,0.793125
218,0.8349999785423279,0.5535714030265808,0.8134365510940552,0.6389597904682159,0.8125,0.46875,0.7944387722015381,0.4166666662693024,0.828125,0.796875,0.8031249976158142,0.781875
219,0.8229166865348816,0.5625,0.8159780287742615,0.6461392784118652,0.8177083134651184,0.421875,0.7963137722015381,0.42229166626930237,0.8333333134651184,0.75,0.8058333301544189,0.785
220,0.7850000262260437,0.5892857313156128,0.8084309339523316,0.6418059468269348,0.78125,0.296875,0.7900637722015381,0.4191666662693024,0.8125,0.75,0.7991666626930237,0.7775
221,0.7549999952316284,0.6785714030265808,0.8096268534660339,0.6483773756027221,0.6927083134651184,0.5,0.7890221047401428,0.41979166626930237,0.7291666865348816,0.71875,0.8010416626930237,0.7775
222,0.9166666865348816,0.8125,0.8074268531799317,0.6426630902290345,0.9166666865348816,0.59375,0.7877721047401428,0.42354166626930234,0.890625,0.890625,0.7987499952316284,0.775
223,0.8284313678741455,0.6730769276618958,0.8146846866607667,0.6506630897521972,0.7760416865348816,0.4375,0.7969387698173523,0.4297916662693024,0.8333333134651184,0.75,0.8058333301544189,0.785625
224,0.8541666865348816,0.71875,0.8183008241653442,0.6561759114265442,0.8541666865348816,0.515625,0.7996471047401428,0.4341666662693024,0.8645833134651184,0.890625,0.808333330154419,0.789375
225,0.959999978542328,0.8392857313156128,0.8141987824440002,0.6504616260528564,0.9234693646430968,0.4166666567325592,0.7958971047401429,0.42791666626930236,0.9322916865348816,0.90625,0.8027083301544189,0.785625
226,0.7091836929321289,0.550000011920929,0.8197289943695069,0.6561539340019226,0.6822916865348816,0.25,0.7996471047401428,0.4291666662693024,0.6875,0.6875,0.8085416626930236,0.78875
227,0.6530612111091614,0.5,0.8251917386054992,0.6619231653213501,0.640625,0.46875,0.8079804396629333,0.4297916662693024,0.6614583134651184,0.5625,0.8164583301544189,0.794375
228,0.8867924809455872,0.6590909361839294,0.8290092635154724,0.6717693185806275,0.8958333134651184,0.453125,0.8111054396629334,0.43791666626930237,0.8697916865348816,0.890625,0.819583330154419,0.798125
229,0.9509803652763368,0.9038461446762084,0.8261975717544555,0.6600909960269928,0.9427083134651184,0.484375,0.8054804396629334,0.44104166626930236,0.9166666865348816,0.96875,0.815208330154419,0.79625
230,0.692307710647583,0.5416666865348816,0.8237485933303833,0.6626624262332916,0.6614583134651184,0.265625,0.8048554396629334,0.43354166626930235,0.6770833134651184,0.6875,0.8137499952316284,0.7975
231,0.8039215803146362,0.5961538553237915,0.8205485939979553,0.6676624262332916,0.7864583134651184,0.375,0.8021471071243286,0.4347916662693024,0.7864583134651184,0.796875,0.8102083277702331,0.795
232,0.7295918464660645,0.6000000238418579,0.8187857723236084,0.6726624262332916,0.734375,0.421875,0.7998554420471191,0.4341666662693024,0.71875,0.734375,0.8081249952316284,0.794375
233,0.7850000262260437,0.7142857313156128,0.8252289080619812,0.6852448427677155,0.7552083134651184,0.453125,0.8058971095085145,0.44354166626930236,0.7864583134651184,0.71875,0.8135416626930236,0.80125
234,0.8149999976158142,0.5357142686843872,0.8246289086341858,0.6816734158992768,0.7864583134651184,0.5,0.8046471095085144,0.44104166626930236,0.8020833134651184,0.796875,0.8137499952316284,0.800625
235,0.9074074029922484,0.699999988079071,0.8245622420310974,0.6756019866466523,0.9114583134651184,0.53125,0.8042304420471191,0.43916666626930234,0.9010416865348816,0.90625,0.8141666626930237,0.8
236,0.9509803652763368,0.8461538553237915,0.8259347915649414,0.6786789095401764,0.9166666865348816,0.421875,0.8065221071243286,0.4422916662693024,0.9427083134651184,0.890625,0.8143749976158142,0.8
237,0.7749999761581421,0.6071428656578064,0.8260818505287171,0.6753135240077972,0.7708333134651184,0.421875,0.8050637722015381,0.44354166626930236,0.7552083134651184,0.765625,0.8131249976158142,0.79625
238,0.8627451062202454,0.692307710647583,0.8209471583366394,0.6690754282474518,0.828125,0.4375,0.798333330154419,0.444375,0.875,0.796875,0.8072916626930237,0.790625
239,0.9215686321258544,0.7692307829856873,0.8262336564064026,0.6762420952320098,0.9322916865348816,0.515625,0.803958330154419,0.455625,0.921875,0.921875,0.813333330154419,0.796875
240,0.911764681339264,0.8461538553237915,0.8325601863861084,0.6849087607860566,0.8854166865348816,0.5,0.8108333301544189,0.46,0.8802083134651184,0.875,0.8193749976158142,0.805625
241,0.7924528121948242,0.4772727191448211,0.8290884876251221,0.6835451233386993,0.7291666865348816,0.40625,0.8066666650772095,0.46125,0.7447916865348816,0.796875,0.8156249976158142,0.8
242,0.6887755393981934,0.6000000238418579,0.826649272441864,0.6781055629253387,0.6875,0.28125,0.803125,0.4625,0.6927083134651184,0.6875,0.8156249976158142,0.79625
243,0.7549999952316284,0.6785714030265808,0.831405942440033,0.6877722299098968,0.7447916865348816,0.5,0.8095833349227906,0.468125,0.7395833134651184,0.734375,0.8218749976158142,0.800625
244,0.7788461446762085,0.6875,0.8368961381912231,0.6900799214839936,0.7604166865348816,0.40625,0.8145833349227906,0.47125,0.78125,0.734375,0.8268749976158142,0.804375
245,0.9460784196853638,0.9038461446762084,0.8469432330131531,0.694413253068924,0.9322916865348816,0.53125,0.8241666674613952,0.48125,0.9479166865348816,0.921875,0.8374999976158142,0.814375
246,0.7400000095367432,0.5892857313156128,0.8496248650550843,0.6938418233394623,0.6614583134651184,0.4375,0.8262500023841858,0.478125,0.734375,0.703125,0.8387499976158143,0.81625
247,0.915000021457672,0.6607142686843872,0.851816532611847,0.6999132525920868,0.90625,0.546875,0.8285416698455811,0.476875,0.9010416865348816,0.875,0.8406249976158142,0.8175
248,0.8627451062202454,0.75,0.8515986680984498,0.7042209446430207,0.8333333134651184,0.515625,0.8275000047683716,0.471875,0.8385416865348816,0.75,0.841458330154419,0.815
249,0.8578431606292725,0.6346153616905212,0.8427594542503357,0.6910890758037567,0.8177083134651184,0.546875,0.8175000047683716,0.469375,0.8333333134651184,0.796875,0.830833330154419,0.80625
250,0.831632673740387,0.6833333373069763,0.8483049106597901,0.6934700286388398,0.7552083134651184,0.4375,0.8231250047683716,0.4825,0.7864583134651184,0.765625,0.835833330154419,0.810625
251,0.8413461446762085,0.7291666865348816,0.8439951062202453,0.6950634348392487,0.8229166865348816,0.53125,0.8189583373069763,0.476875,0.8385416865348816,0.84375,0.830208330154419,0.80875
252,0.8112244606018066,0.7166666388511658,0.8393772578239441,0.6902942025661468,0.8125,0.578125,0.8145833373069763,0.4775,0.8125,0.78125,0.8268749976158142,0.80625
253,0.800000011920929,0.625,0.8335316705703736,0.6851980483531952,0.7916666865348816,0.484375,0.8085416698455811,0.47625,0.7760416865348816,0.75,0.8224999976158142,0.8025
254,0.8899999856948853,0.7678571343421936,0.8353029465675355,0.6934404730796814,0.8541666865348816,0.515625,0.8125000023841857,0.475,0.9166666865348816,0.875,0.8260416626930237,0.804375
255,0.8112244606018066,0.7833333611488342,0.8425596165657043,0.7036071395874024,0.8229166865348816,0.40625,0.8189583349227906,0.48625,0.8333333134651184,0.796875,0.8335416626930237,0.811875
256,0.9411764740943908,0.6538461446762085,0.845216760635376,0.701797616481781,0.9114583134651184,0.453125,0.8216666674613953,0.479375,0.9114583134651184,0.890625,0.8372916626930237,0.8125
257,0.9807692170143129,0.7083333134651184,0.8484859919548035,0.701797616481781,0.9739583134651184,0.671875,0.82625,0.489375,0.984375,0.984375,0.8410416626930237,0.81875
258,0.8520408272743225,0.699999988079071,0.8372428560256958,0.6856437706947327,0.8072916865348816,0.375,0.81375,0.478125,0.8177083134651184,0.765625,0.8289583277702331,0.80625
259,0.8697916865348816,0.6875,0.8352899146080017,0.6820723414421082,0.84375,0.46875,0.8147916674613953,0.479375,0.8489583134651184,0.828125,0.8256249952316285,0.806875
260,0.901960790157318,0.807692289352417,0.8308899140357972,0.6806437706947327,0.8854166865348816,0.40625,0.8102083349227905,0.476875,0.921875,0.84375,0.8216666603088378,0.801875
261,0.7300000190734863,0.5178571343421936,0.829180109500885,0.6706437706947327,0.6666666865348816,0.359375,0.8085416698455811,0.4775,0.6770833134651184,0.671875,0.8197916603088379,0.80125
262,0.9136363863945008,0.6666666865348816,0.8266663837432862,0.6716877269744873,0.9114583134651184,0.75,0.8075000047683716,0.48,0.8802083134651184,0.875,0.8199999952316284,0.8
263,0.7549999952316284,0.7321428656578064,0.8249697041511536,0.6743543934822083,0.7239583134651184,0.296875,0.8079166722297668,0.484375,0.734375,0.75,0.820208330154419,0.80125
264,0.8061224222183228,0.6499999761581421,0.8228844857215881,0.6713415718078614,0.8229166865348816,0.53125,0.8064583373069764,0.481875,0.8385416865348816,0.859375,0.8183333301544189,0.7975
265,0.765625,0.71875,0.8255335474014283,0.6749825978279114,0.734375,0.46875,0.809166669845581,0.48,0.7708333134651184,0.78125,0.8218749976158142,0.80125
266,0.8367347121238708,0.6833333373069763,0.8288276648521423,0.6815210604667663,0.828125,0.375,0.8106250023841858,0.485,0.8333333134651184,0.84375,0.824583330154419,0.804375
267,0.870192289352417,0.8541666865348816,0.8244521546363831,0.6801401090621948,0.8489583134651184,0.5625,0.8066666674613953,0.4775,0.8802083134651184,0.875,0.8181249952316284,0.798125
268,0.8214285969734192,0.6333333253860474,0.8248603200912475,0.6754734420776367,0.8125,0.328125,0.8041666674613953,0.47875,0.8333333134651184,0.75,0.8154166626930237,0.79625
269,0.8605769276618958,0.6875,0.8237517237663269,0.6734862637519836,0.875,0.65625,0.8035416674613952,0.476875,0.875,0.890625,0.8143749976158142,0.7975
270,0.6650000214576721,0.5,0.817120954990387,0.6730100750923157,0.6197916865348816,0.25,0.7954166674613953,0.47,0.6458333134651184,0.609375,0.8062499976158142,0.789375
271,0.6911764740943909,0.5,0.8182316303253174,0.6708434081077576,0.6875,0.46875,0.7974107146263123,0.475,0.6510416865348816,0.71875,0.8083333325386047,0.79125
272,0.8050000071525574,0.625,0.8138481259346009,0.6733434081077576,0.7916666865348816,0.484375,0.7934523820877075,0.473125,0.8020833134651184,0.75,0.8039583325386047,0.786875
273,0.8199999928474426,0.5,0.8087696933746338,0.6646071457862854,0.7916666865348816,0.53125,0.7874107146263123,0.47,0.7916666865348816,0.734375,0.7997916650772094,0.78375
274,0.7950000166893005,0.6607142686843872,0.8126309180259704,0.6692261934280396,0.7916666865348816,0.609375,0.792619047164917,0.48,0.8385416865348816,0.765625,0.805625,0.7875
275,0.7892156839370728,0.75,0.8120854616165161,0.6747023820877075,0.765625,0.546875,0.7905357146263122,0.47625,0.7916666865348816,0.796875,0.8072916674613952,0.78875
276,0.7892156839370728,0.6538461446762085,0.8131099510192871,0.6740833330154419,0.7864583134651184,0.46875,0.7934523820877075,0.48375,0.7916666865348816,0.75,0.8104166674613953,0.790625
277,0.8774510025978088,0.807692289352417,0.8144499588012696,0.6671742427349091,0.8802083134651184,0.53125,0.791994047164917,0.475,0.9010416865348816,0.875,0.80875,0.79
278,0.8823529481887817,0.7884615659713745,0.8164664673805236,0.6602424252033233,0.828125,0.609375,0.792619047164917,0.47125,0.84375,0.828125,0.8085416674613952,0.7875
279,0.7806122303009033,0.7333333492279053,0.8199782109260559,0.6547272741794586,0.7552083134651184,0.328125,0.7949107146263122,0.478125,0.7552083134651184,0.71875,0.8102083349227905,0.790625
280,0.8214285969734192,0.6666666865348816,0.8175234603881836,0.6482529151439667,0.7604166865348816,0.4375,0.7915773820877076,0.4775,0.765625,0.75,0.806041669845581,0.786875
281,0.9134615659713744,0.6041666865348816,0.8050663161277771,0.640062439441681,0.8958333134651184,0.40625,0.7790773820877075,0.478125,0.8854166865348816,0.921875,0.7933333373069763,0.775
282,0.8149999976158142,0.6964285969734192,0.8055411982536316,0.6412291049957275,0.7708333134651184,0.5,0.7774107146263123,0.474375,0.78125,0.78125,0.7931250047683716,0.770625
283,0.879807710647583,0.6458333134651184,0.8091411972045899,0.6490862488746643,0.8571428656578064,0.5,0.7809523797035217,0.483125,0.8697916865348816,0.8125,0.7983333396911622,0.774375
284,0.7602040767669678,0.75,0.816003942489624,0.6606247115135193,0.7447916865348816,0.421875,0.7872023797035217,0.486875,0.7395833134651184,0.71875,0.8064583396911621,0.778125
285,0.7749999761581421,0.5892857313156128,0.8228424048423767,0.6647913789749146,0.734375,0.328125,0.7930357122421264,0.494375,0.8177083134651184,0.765625,0.8120833396911621,0.7875
286,0.8265306353569031,0.6333333253860474,0.8276424050331116,0.6705056643486023,0.796875,0.609375,0.7982440447807312,0.499375,0.8229166865348816,0.765625,0.8179166722297668,0.795
287,0.8999999761581421,0.8035714030265808,0.8248620128631592,0.6633078622817993,0.859375,0.65625,0.7924107098579407,0.49125,0.921875,0.90625,0.8095833373069763,0.79375
288,0.7806122303009033,0.7166666388511658,0.8304933857917786,0.6683078622817993,0.796875,0.484375,0.7976190423965455,0.4925,0.8125,0.796875,0.8141666698455811,0.7975
289,0.8396226167678833,0.4772727191448211,0.8311696553230286,0.6694873499870301,0.7864583134651184,0.3125,0.796577377319336,0.490625,0.796875,0.84375,0.8139583349227906,0.798125
290,0.8160377144813538,0.5454545617103577,0.8268879413604736,0.6571796584129334,0.75,0.375,0.7886607122421264,0.4875,0.765625,0.71875,0.8075,0.78875
291,0.9245283007621764,0.5454545617103577,0.8233938241004943,0.6506411957740784,0.8854166865348816,0.546875,0.7857440447807312,0.4775,0.875,0.921875,0.8033333325386047,0.785
292,0.8088235259056091,0.692307710647583,0.826769335269928,0.6520221471786499,0.765625,0.546875,0.7899107122421265,0.481875,0.7760416865348816,0.78125,0.8085416674613952,0.79
293,0.5099999904632568,0.4285714328289032,0.8313631725311279,0.6592016339302063,0.5,0.34375,0.7949107122421265,0.488125,0.515625,0.453125,0.814375,0.795625
294,0.8724489808082581,0.7166666388511658,0.8295305919647217,0.6658041977882385,0.8333333134651184,0.5625,0.791369047164917,0.490625,0.8697916865348816,0.78125,0.8127083325386047,0.790625
295,0.7549999952316284,0.6964285969734192,0.8247737288475037,0.6579470539093017,0.7083333134651184,0.46875,0.7890773820877075,0.48875,0.7760416865348816,0.703125,0.8104166650772094,0.7875
296,0.8627451062202454,0.7884615659713745,0.8210099911689759,0.6594470548629761,0.84375,0.5625,0.7875,0.4925,0.8541666865348816,0.8125,0.8093749976158142,0.789375
297,0.9759615659713744,0.7291666865348816,0.8259079504013062,0.6574470543861389,0.9375,0.671875,0.7908333325386048,0.493125,0.9427083134651184,0.984375,0.8147916650772095,0.795
298,0.9399999976158142,0.6428571343421936,0.8303981471061707,0.6638756251335144,0.921875,0.65625,0.7972916650772095,0.498125,0.9375,0.921875,0.8172916650772095,0.8
299,0.7254902124404907,0.4807692170143127,0.8281702542304993,0.6685422921180725,0.6458333134651184,0.40625,0.7960416650772095,0.48875,0.6302083134651184,0.734375,0.8147916650772095,0.801875
300,0.9300000071525574,0.875,0.8286408424377442,0.6663994359970092,0.8958333134651184,0.578125,0.7974999976158142,0.48875,0.90625,0.890625,0.8139583325386047,0.800625
301,0.8061224222183228,0.6833333373069763,0.8303009676933288,0.6660661029815674,0.7604166865348816,0.421875,0.7960416650772095,0.488125,0.7864583134651184,0.765625,0.811875,0.798125
302,0.7704081535339355,0.5,0.8287568783760071,0.6789751946926117,0.6822916865348816,0.453125,0.7970833325386047,0.495625,0.7395833134651184,0.640625,0.811875,0.794375
303,0.7950000166893005,0.625,0.8291153693199158,0.6850141561031342,0.7552083134651184,0.359375,0.7991666650772095,0.505,0.7395833134651184,0.734375,0.8141666674613952,0.798125
304,0.8650000095367432,0.7678571343421936,0.8277946138381957,0.6941050636768341,0.859375,0.4375,0.7974999976158142,0.506875,0.8854166865348816,0.84375,0.8145833349227906,0.796875
305,0.936274528503418,0.8461538553237915,0.834013102054596,0.6997460877895355,0.8854166865348816,0.59375,0.8043749976158142,0.515,0.9114583134651184,0.890625,0.8214583349227905,0.803125
306,0.8676470518112183,0.7692307829856873,0.8466743278503418,0.7139365649223328,0.8072916865348816,0.46875,0.8177083301544189,0.52375,0.84375,0.796875,0.8333333349227905,0.8175
307,0.6960784196853638,0.5,0.8415722870826721,0.7059365653991699,0.7135416865348816,0.453125,0.8143749976158142,0.5225,0.7239583134651184,0.703125,0.8289583349227905,0.81625
308,0.7857142686843872,0.6833333373069763,0.8489722871780395,0.7059365653991699,0.8177083134651184,0.59375,0.8237499976158142,0.53,0.84375,0.859375,0.8352083349227906,0.825
309,0.8826530575752258,0.699999988079071,0.8442584013938904,0.7003981018066406,0.828125,0.4375,0.8199999976158142,0.530625,0.875,0.859375,0.8304166674613953,0.81875
310,0.8872548937797546,0.75,0.8361814761161804,0.6920647668838501,0.8958333134651184,0.453125,0.8114795899391174,0.5244166660308838,0.8802083134651184,0.890625,0.8218750023841858,0.8075
311,0.7708333134651184,0.75,0.8293814754486084,0.6870647668838501,0.765625,0.375,0.8025212574005127,0.5175416660308838,0.7604166865348816,0.8125,0.8162500023841858,0.80125
312,0.911764681339264,0.75,0.8311310982704163,0.6953339982032776,0.8958333134651184,0.65625,0.8068962574005127,0.5225416660308838,0.9010416865348816,0.875,0.8202083373069763,0.803125
313,0.8221153616905212,0.7083333134651184,0.8282168126106262,0.6936673307418824,0.7604166865348816,0.46875,0.806687924861908,0.5294166660308838,0.7604166865348816,0.734375,0.8187500047683716,0.8025
314,0.8010203838348389,0.800000011920929,0.8353949928283692,0.6963339972496033,0.8125,0.5,0.8150212574005127,0.5412916660308837,0.796875,0.75,0.8262500047683716,0.808125
315,0.824999988079071,0.6964285969734192,0.8332579112052918,0.6981521797180176,0.8020833134651184,0.609375,0.8154379224777222,0.5400416660308838,0.8229166865348816,0.8125,0.8233333396911621,0.810625
316,0.8915094137191772,0.7727272510528564,0.8356245779991149,0.6987771797180176,0.84375,0.59375,0.8189795899391175,0.5494166660308838,0.8854166865348816,0.890625,0.8270833396911621,0.815
317,0.9642857313156128,0.8333333134651184,0.8339657545089721,0.6972936630249024,0.9375,0.75,0.8181462574005127,0.5537916660308838,0.9479166865348816,0.9375,0.8247916722297668,0.811875
318,0.8265306353569031,0.7833333611488342,0.829114773273468,0.6863046526908875,0.8333333134651184,0.5625,0.8129379224777221,0.5562916660308838,0.8125,0.8125,0.8220833396911621,0.80875
319,0.7448979616165161,0.5166666507720947,0.8320559501647949,0.68553542137146,0.75,0.53125,0.8173129224777221,0.5681666660308838,0.7604166865348816,0.75,0.8254166722297669,0.8125
320,0.9399999976158142,0.6964285969734192,0.8394128131866455,0.6948211359977722,0.9427083134651184,0.65625,0.8225212550163269,0.5744166660308838,0.9322916865348816,0.921875,0.8314583396911621,0.818125
321,0.7448979616165161,0.6499999761581421,0.8408144307136536,0.6947605299949646,0.75,0.578125,0.8221045899391174,0.5756666660308838,0.734375,0.65625,0.8306250071525574,0.818125
322,0.7740384340286255,0.5208333134651184,0.8379572868347168,0.6920938634872437,0.7244898080825806,0.5166666507720947,0.8227295899391174,0.5737916660308838,0.7291666865348816,0.703125,0.8281250071525573,0.815625
323,0.7699999809265137,0.5178571343421936,0.8340670919418335,0.6899510073661804,0.6979166865348816,0.484375,0.8193962574005127,0.5794166660308838,0.796875,0.765625,0.8250000071525574,0.811875
324,0.7692307829856873,0.6875,0.839460175037384,0.6863146448135375,0.7552083134651184,0.53125,0.8250212574005127,0.5844166660308838,0.7291666865348816,0.78125,0.8304166722297669,0.81375
325,0.8571428656578064,0.8333333134651184,0.8364589762687683,0.6863146448135375,0.890625,0.75,0.8214795923233033,0.5775416660308837,0.8697916865348816,0.875,0.8256250047683715,0.81125
326,0.9855769276618958,0.75,0.8333702802658081,0.6813146448135377,0.96875,0.71875,0.8193962574005127,0.5737916660308838,0.9739583134651184,0.90625,0.8227083373069763,0.808125
327,0.7169811129570007,0.5454545617103577,0.8376756191253663,0.6793146443367004,0.6927083134651184,0.421875,0.8210629248619079,0.5775416660308837,0.6666666865348816,0.703125,0.8264583373069763,0.81375
328,0.8541666865348816,0.640625,0.8372246384620666,0.677611346244812,0.84375,0.59375,0.8202295923233032,0.5762916660308838,0.8333333134651184,0.84375,0.8241666698455811,0.81
329,0.8235294222831726,0.7307692170143127,0.837035961151123,0.6794295287132264,0.8385416865348816,0.546875,0.8221045923233032,0.5737916660308838,0.828125,0.765625,0.8239583349227906,0.81
330,0.8149999976158142,0.5714285969734192,0.8282604503631592,0.6667628622055054,0.7552083134651184,0.65625,0.8125212597846985,0.5631666660308838,0.84375,0.8125,0.8145833349227906,0.7975
331,0.9411764740943908,0.75,0.8296890211105347,0.662762861251831,0.9166666865348816,0.765625,0.8137712597846984,0.5681666660308838,0.9270833134651184,0.890625,0.8160416674613953,0.79875
332,0.8799999952316284,0.7321428656578064,0.8388726949691773,0.6774295282363891,0.84375,0.609375,0.8223129272460937,0.5662916660308838,0.875,0.84375,0.824375,0.8075
333,0.8207547068595886,0.6818181872367859,0.8364726948738098,0.6795723843574524,0.8072916865348816,0.625,0.818979594707489,0.5681666660308838,0.8229166865348816,0.859375,0.8214583325386048,0.8025
334,0.8112244606018066,0.6333333253860474,0.8438196325302124,0.6862390518188477,0.84375,0.390625,0.826479594707489,0.5744166660308838,0.8125,0.796875,0.8289583325386047,0.81375
335,0.7900000214576721,0.6964285969734192,0.8476580953598023,0.6925485754013061,0.8125,0.59375,0.8323979616165161,0.5877500009536744,0.8020833134651184,0.796875,0.8347916650772095,0.820625
336,0.9056603908538818,0.6590909361839294,0.8456336069107055,0.6965009570121765,0.90625,0.5,0.8330229616165161,0.5896250009536743,0.8958333134651184,0.859375,0.8331249976158142,0.819375
337,0.8367347121238708,0.75,0.8518643760681153,0.6990009570121765,0.8072916865348816,0.484375,0.8382312965393066,0.5946250009536743,0.78125,0.8125,0.8420833301544189,0.823125
338,0.7448979616165161,0.5833333134651184,0.8467453289031982,0.6856676244735718,0.7083333134651184,0.375,0.8323979640007019,0.5846250009536743,0.6875,0.65625,0.835833330154419,0.81625
339,0.9086538553237916,0.75,0.8442610263824463,0.6876676249504089,0.8541666865348816,0.59375,0.8315646314620971,0.5840000009536743,0.890625,0.890625,0.8339583301544189,0.816875
340,0.813725471496582,0.6538461446762085,0.8498410415649414,0.6918494415283203,0.78125,0.578125,0.8376062989234925,0.5996250009536743,0.765625,0.71875,0.840208330154419,0.821875
341,0.8867924809455872,0.8181818127632141,0.8488116288185119,0.6969936728477478,0.890625,0.53125,0.8342729663848877,0.6015000009536743,0.8802083134651184,0.890625,0.8387499976158143,0.82
342,0.7448979616165161,0.5166666507720947,0.849070451259613,0.6977629041671753,0.6979166865348816,0.484375,0.8340646314620972,0.6040000009536743,0.7135416865348816,0.625,0.8383333301544189,0.824375
343,0.8622449040412903,0.6833333373069763,0.8543550658226013,0.7049057602882385,0.8645833134651184,0.6875,0.8409396314620972,0.6121250009536743,0.8489583134651184,0.84375,0.8431249976158142,0.829375
344,0.9744898080825806,0.8833333253860474,0.851605966091156,0.7102390933036804,0.9635416865348816,0.484375,0.8382312965393066,0.5996250009536743,0.96875,0.96875,0.8412499976158142,0.83
345,0.8799999952316284,0.75,0.8496059656143189,0.7130962347984314,0.859375,0.703125,0.8380229640007019,0.6021250009536743,0.859375,0.796875,0.8391666650772095,0.83
346,0.9285714030265808,0.8166666626930237,0.8507757782936096,0.7129663634300232,0.9375,0.734375,0.8411479640007019,0.6021250009536743,0.921875,0.9375,0.840833330154419,0.830625
347,0.8700000047683716,0.6785714030265808,0.8507757782936096,0.7182996964454651,0.8724489808082581,0.8500000238418579,0.8388562965393066,0.6027500009536744,0.875,0.875,0.8412499976158142,0.8325
348,0.7193877696990967,0.6166666746139526,0.8503296232223511,0.7129425525665283,0.7135416865348816,0.53125,0.8361479640007019,0.6046250009536743,0.7552083134651184,0.734375,0.8391666650772095,0.830625
349,0.925000011920929,0.75,0.8485032081604004,0.7180074858665466,0.8854166865348816,0.65625,0.833647964000702,0.6083750009536744,0.953125,0.875,0.836875,0.82875
350,0.7291666865348816,0.5,0.8511122512817383,0.7187767171859741,0.7447916865348816,0.5,0.8382312965393066,0.6115000009536743,0.7135416865348816,0.703125,0.8422916674613953,0.831875
351,0.9234693646430968,0.800000011920929,0.8585712337493896,0.7308279991149902,0.9479166865348816,0.703125,0.8480229640007019,0.6246250009536743,0.9270833134651184,0.921875,0.8527083349227905,0.841875
352,0.8564814925193787,0.6499999761581421,0.8570167469978333,0.7339529991149902,0.84375,0.8125,0.8484396290779114,0.6333750009536743,0.8229166865348816,0.828125,0.8518750023841858,0.841875
353,0.8284313678741455,0.7692307829856873,0.8632677292823792,0.7449420094490051,0.7604166865348816,0.640625,0.8544812965393066,0.6396250009536744,0.796875,0.796875,0.8591666698455811,0.850625
354,0.8299999833106995,0.75,0.8553960299491883,0.7372147369384766,0.8333333134651184,0.609375,0.8459396290779114,0.6352500009536743,0.8177083134651184,0.875,0.8514583373069763,0.84125
355,0.9471153616905212,0.75,0.8599138379096984,0.7465480709075928,0.9270833134651184,0.859375,0.8526062941551209,0.6440000009536743,0.9635416865348816,0.9375,0.8575000023841858,0.85125
356,0.8724489808082581,0.8833333253860474,0.8558322048187256,0.7412147378921509,0.8489583134651184,0.453125,0.8486479616165161,0.6440000009536743,0.8802083134651184,0.90625,0.8554166698455811,0.85125
357,0.8299999833106995,0.8035714030265808,0.8522372269630432,0.723381404876709,0.8385416865348816,0.671875,0.8428146266937255,0.6508750009536743,0.8229166865348816,0.84375,0.8500000023841858,0.84375
358,0.8500000238418579,0.6785714030265808,0.8508108115196228,0.7179268598556519,0.8854166865348816,0.625,0.8415646266937256,0.6483750009536743,0.8645833134651184,0.875,0.8491666698455811,0.844375
359,0.8112244606018066,0.7666666507720947,0.8480679559707641,0.7152601933479309,0.7864583134651184,0.40625,0.8367729592323303,0.6433750009536743,0.8229166865348816,0.84375,0.8462500023841858,0.839375
360,0.7788461446762085,0.5625,0.843660113811493,0.7111942601203919,0.7447916865348816,0.640625,0.83125,0.633125,0.75,0.75,0.8402083349227906,0.83375
361,0.8600000143051147,0.7857142686843872,0.8526204514503479,0.7165275931358337,0.84375,0.59375,0.8391666650772095,0.639375,0.8385416865348816,0.8125,0.8475000023841858,0.840625
362,0.901960790157318,0.7692307829856873,0.8505224108695983,0.7134506702423096,0.921875,0.5625,0.8379166650772095,0.640625,0.9166666865348816,0.890625,0.8439583349227905,0.84125
363,0.9313725233078004,0.8846153616905212,0.8559711289405822,0.7176173377037048,0.953125,0.703125,0.841458330154419,0.645625,0.9479166865348816,0.90625,0.848125,0.845625
364,0.8697916865348816,0.828125,0.8549938917160034,0.7156173372268677,0.8645833134651184,0.8125,0.8406249952316284,0.6475,0.8697916865348816,0.890625,0.8475,0.84375
365,0.9700000286102296,0.9285714030265808,0.8582818007469177,0.7177991557121277,0.9322916865348816,0.734375,0.8452083277702331,0.638125,0.9479166865348816,0.9375,0.8504166650772095,0.84875
366,0.6899999976158142,0.625,0.8595676231384277,0.7111965918540955,0.6770833134651184,0.421875,0.847852885723114,0.6384999990463257,0.6875,0.65625,0.8510416650772095,0.84875
367,0.8578431606292725,0.75,0.860485270023346,0.7088889002799987,0.8645833134651184,0.703125,0.8488945531845092,0.6434999990463257,0.8645833134651184,0.875,0.8520833325386047,0.8475
368,0.7602040767669678,0.550000011920929,0.8570237326622009,0.7088889002799987,0.765625,0.6875,0.8436862206459046,0.6341249990463257,0.796875,0.84375,0.8466666650772094,0.84
369,0.8846153616905212,0.4375,0.8584002828598023,0.7043247985839843,0.8177083134651184,0.65625,0.845769555568695,0.6409999990463257,0.8333333134651184,0.78125,0.84625,0.8375
370,0.8443396091461182,0.6136363744735718,0.8568983960151673,0.696727397441864,0.828125,0.640625,0.8430612206459045,0.6353749990463257,0.8385416865348816,0.8125,0.84375,0.835625
371,0.8600000143051147,0.75,0.8560356497764587,0.6995845413208008,0.8177083134651184,0.609375,0.8393112206459046,0.6366249990463256,0.8489583134651184,0.8125,0.8410416674613953,0.831875
372,0.7598039507865906,0.5769230723381042,0.8562397336959839,0.6949178743362426,0.734375,0.59375,0.840144555568695,0.6447499990463257,0.7239583134651184,0.734375,0.8410416674613953,0.82875
373,0.9433962106704712,0.75,0.855685887336731,0.6974178743362427,0.9114583134651184,0.6875,0.8399362206459046,0.6403749990463257,0.9375,0.90625,0.8408333349227906,0.82625
374,0.8725489974021912,0.6730769276618958,0.8508692193031311,0.6859893035888672,0.8541666865348816,0.6875,0.8341028881072998,0.6347499990463257,0.8645833134651184,0.890625,0.836875,0.820625
375,0.8653846383094788,0.6041666865348816,0.8474830961227418,0.6852200722694397,0.8333333134651184,0.625,0.829064621925354,0.6382499980926514,0.8177083134651184,0.8125,0.83125,0.81625
376,0.8990384340286255,0.75,0.8439781951904297,0.6792104578018189,0.9270833134651184,0.75,0.8263562893867493,0.6388749980926514,0.9114583134651184,0.875,0.8277083325386048,0.814375
377,0.9386792182922364,0.7045454382896423,0.8427159404754638,0.6722393035888672,0.9583333134651184,0.578125,0.8244812893867492,0.6294999980926513,0.8958333134651184,0.953125,0.8249999976158142,0.8125
378,0.8605769276618958,0.6041666865348816,0.8377934908866882,0.6677631139755249,0.8265306353569031,0.6499999761581421,0.820314621925354,0.6263749980926514,0.8125,0.796875,0.8204166626930237,0.81
379,0.8529411554336548,0.692307710647583,0.8484627223014831,0.6810964465141296,0.859375,0.734375,0.8323979568481445,0.6407499980926513,0.84375,0.84375,0.8316666626930237,0.8225
380,0.8605769276618958,0.75,0.8433326697349548,0.6730964469909668,0.796875,0.625,0.8263562917709351,0.6338749980926514,0.828125,0.75,0.825208330154419,0.81625
381,0.906862735748291,0.7692307829856873,0.8453245067596435,0.6803821611404419,0.9010416865348816,0.625,0.8267729592323303,0.6332499980926514,0.8697916865348816,0.84375,0.8254166626930237,0.81375
382,0.7924528121948242,0.6136363744735718,0.8416706609725952,0.6878821611404419,0.7708333134651184,0.53125,0.8240646266937256,0.6319999980926514,0.7604166865348816,0.796875,0.8216666626930237,0.8125
383,0.8284313678741455,0.75,0.8430893850326538,0.6916700387001038,0.7916666865348816,0.65625,0.8251062941551208,0.6357499980926513,0.796875,0.78125,0.8229166626930237,0.814375
384,0.8163265585899353,0.6499999761581421,0.846689383983612,0.6966700387001038,0.8072916865348816,0.609375,0.8292729616165161,0.6413749980926514,0.8229166865348816,0.765625,0.8268749976158142,0.820625
385,0.7649999856948853,0.625,0.8464972257614136,0.6993074011802674,0.7395833134651184,0.53125,0.8303146290779114,0.6457499980926513,0.7447916865348816,0.6875,0.8287499976158142,0.82125
386,0.7395833134651184,0.5,0.8446437311172486,0.6993074011802674,0.6979166865348816,0.453125,0.8280229640007019,0.6457499980926513,0.7395833134651184,0.671875,0.8268749976158142,0.818125
387,0.817307710647583,0.75,0.8476662993431091,0.7078388690948486,0.795918345451355,0.6499999761581421,0.8311479640007019,0.6482499980926514,0.7760416865348816,0.78125,0.8297916650772095,0.82
388,0.84375,0.734375,0.8448876476287842,0.7043388676643372,0.8854166865348816,0.71875,0.8273979640007019,0.6494999980926514,0.859375,0.859375,0.8285416650772095,0.816875
389,0.8382353186607361,0.6538461446762085,0.83931072473526,0.6951722002029419,0.8177083134651184,0.578125,0.8194812989234924,0.6351249980926513,0.8020833134651184,0.84375,0.8214583325386048,0.8125
390,0.8469387888908386,0.8166666626930237,0.830032787322998,0.6869903826713561,0.828125,0.65625,0.8084396338462829,0.6338749980926514,0.8333333134651184,0.875,0.8133333325386047,0.801875
391,0.9567307829856871,0.9583333134651184,0.8278097105026245,0.6892522859573365,0.9791666865348816,0.78125,0.8074617409706115,0.6309999990463256,0.96875,0.96875,0.814375,0.803125
392,0.7295918464660645,0.550000011920929,0.820484516620636,0.6806508862972259,0.7135416865348816,0.53125,0.8016284084320069,0.6247499990463257,0.703125,0.71875,0.805625,0.791875
393,0.8100000023841858,0.7321428656578064,0.819530827999115,0.6833175528049469,0.7760416865348816,0.671875,0.8007950758934022,0.6253749990463257,0.8020833134651184,0.78125,0.8052083325386047,0.793125
394,0.7932692170143127,0.625,0.8097869300842285,0.6745483219623566,0.75,0.625,0.7918367409706115,0.6166249990463257,0.7395833134651184,0.75,0.7964583325386048,0.784375
395,0.879807710647583,0.7083333134651184,0.810741879940033,0.6826695334911347,0.8541666865348816,0.734375,0.7935034084320068,0.6191249990463257,0.8697916865348816,0.859375,0.7985416650772095,0.785
396,0.949999988079071,0.875,0.8040197205543518,0.669942260980606,0.921875,0.75,0.7860034084320069,0.6122499990463257,0.9479166865348816,0.96875,0.7920833325386047,0.77625
397,0.7549999952316284,0.6428571343421936,0.8063666582107544,0.6739422619342804,0.7604166865348816,0.703125,0.7866284084320069,0.6203749990463256,0.7708333134651184,0.75,0.7939583325386047,0.78125
398,0.8970588445663452,0.75,0.8118450903892517,0.6827884161472321,0.8541666865348816,0.6875,0.7922534084320069,0.6272499990463257,0.890625,0.828125,0.8006249976158142,0.788125
399,0.948113203048706,0.8863636255264282,0.8167715620994568,0.6966345703601837,0.9322916865348816,0.75,0.7980867409706116,0.6284999990463257,0.9375,0.9375,0.8052083325386047,0.79625
400,0.795918345451355,0.5166666507720947,0.8165792536735534,0.6978845703601837,0.7395833134651184,0.65625,0.7970833396911621,0.619375,0.7864583134651184,0.734375,0.8056249976158142,0.798125
401,0.7596153616905212,0.5208333134651184,0.8167508220672608,0.694663416147232,0.7291666865348816,0.390625,0.7955442237854004,0.6146250009536743,0.734375,0.765625,0.8049999976158142,0.794375
402,0.7067307829856873,0.5,0.8146499800682068,0.6945095694065094,0.6822916865348816,0.546875,0.7945025587081909,0.6146250009536743,0.6927083134651184,0.6875,0.8024999976158143,0.790625
403,0.8050000071525574,0.6607142686843872,0.8160785508155822,0.6911762368679046,0.8020833134651184,0.578125,0.795127558708191,0.6177500009536743,0.8385416865348816,0.828125,0.8029166650772095,0.78875
404,0.6698113083839417,0.4772727191448211,0.8055644226074219,0.6761762368679046,0.7135416865348816,0.578125,0.7840858912467956,0.6046250009536743,0.625,0.5625,0.7922916650772095,0.7775
405,0.8367347121238708,0.8166666626930237,0.8116748666763306,0.684945467710495,0.7760416865348816,0.640625,0.7901275563240051,0.6096250009536743,0.8177083134651184,0.78125,0.7989583325386047,0.783125
406,0.6632652878761292,0.550000011920929,0.8098871111869812,0.6803264200687409,0.6770833134651184,0.40625,0.7880442214012146,0.6090000009536743,0.6510416865348816,0.625,0.7972916674613952,0.78125
407,0.8163265585899353,0.8166666626930237,0.8132583832740784,0.6879930865764617,0.8125,0.59375,0.7945025539398194,0.6065000009536743,0.8125,0.8125,0.8033333349227906,0.785
408,0.6603773832321167,0.4318181872367859,0.8118396592140198,0.6896597540378571,0.6041666865348816,0.484375,0.7924192190170288,0.6021250009536743,0.6354166865348816,0.5625,0.8002083349227905,0.783125
409,0.875,0.75,0.8097220134735107,0.6885059082508087,0.8229166865348816,0.8125,0.7901275515556335,0.6021250009536743,0.8697916865348816,0.890625,0.7970833349227905,0.77875
410,0.901960790157318,0.8461538553237915,0.8097260951995849,0.6881249558925628,0.8802083134651184,0.703125,0.789919216632843,0.5990000009536743,0.9114583134651184,0.859375,0.7966666698455811,0.776875
411,0.8627451062202454,0.8461538553237915,0.8088437414169312,0.6881249558925628,0.84375,0.484375,0.7901275491714478,0.5965000009536743,0.8541666865348816,0.875,0.796041669845581,0.778125
412,0.8125,0.78125,0.8057108807563782,0.6814204108715057,0.7708333134651184,0.421875,0.7867942142486573,0.5958750009536743,0.7864583134651184,0.828125,0.7939583373069763,0.776875
413,0.8480392098426819,0.6538461446762085,0.8040741467475891,0.6843251740932464,0.8469387888908386,0.6000000238418579,0.7880442142486572,0.5996250009536743,0.84375,0.765625,0.7925000047683716,0.778125
414,0.7857142686843872,0.6499999761581421,0.8059344291687012,0.6881585085391998,0.7916666865348816,0.578125,0.7907525467872619,0.6071250009536743,0.7395833134651184,0.75,0.7952083373069763,0.78
415,0.8826530575752258,0.7333333492279053,0.8143318653106689,0.7012835085391999,0.84375,0.734375,0.7987670016288757,0.6139166665077209,0.84375,0.828125,0.8043750047683715,0.78875
416,0.6938775777816772,0.5833333134651184,0.8148769640922546,0.7033164751529694,0.703125,0.453125,0.798558669090271,0.615791666507721,0.703125,0.6875,0.8025000047683716,0.788125
417,0.8823529481887817,0.7692307829856873,0.821284511089325,0.7149398517608643,0.8645833134651184,0.65625,0.8025170016288757,0.616416666507721,0.8697916865348816,0.859375,0.8102083373069763,0.799375
418,0.7653061151504517,0.6166666746139526,0.8238935542106628,0.716119339466095,0.7239583134651184,0.65625,0.8081420016288757,0.6232916665077209,0.7604166865348816,0.734375,0.8156250047683716,0.805
419,0.8775510191917419,0.8166666626930237,0.8294783282279968,0.7224526715278625,0.9114583134651184,0.5625,0.812308669090271,0.628291666507721,0.890625,0.84375,0.8218750047683716,0.81125
420,0.8443396091461182,0.75,0.8266329574584961,0.7164526724815369,0.8020833134651184,0.625,0.8100170016288757,0.6339166665077209,0.7916666865348816,0.8125,0.8187500047683716,0.809375
421,0.8970588445663452,0.8461538553237915,0.8300178623199463,0.7220370888710022,0.8645833134651184,0.75,0.8150170016288757,0.6357916665077209,0.8697916865348816,0.859375,0.8220833373069764,0.81625
422,0.7551020383834839,0.6333333253860474,0.8313443922996521,0.7180370879173279,0.7552083134651184,0.625,0.8173086667060852,0.631416666507721,0.7604166865348816,0.703125,0.8222916698455811,0.815625
423,0.875,0.75,0.8308659601211548,0.7141909337043763,0.859375,0.625,0.8175170016288758,0.6295416665077209,0.875,0.859375,0.821041669845581,0.815625
424,0.8697916865348816,0.71875,0.8328267431259155,0.7126524710655212,0.8489583134651184,0.734375,0.819808669090271,0.637666666507721,0.8854166865348816,0.90625,0.8227083349227905,0.8175
425,0.7549999952316284,0.5892857313156128,0.8345575118064881,0.712235803604126,0.7708333134651184,0.75,0.822933669090271,0.6464166665077209,0.75,0.765625,0.8252083349227906,0.818125
426,0.8061224222183228,0.6166666746139526,0.8320359444618225,0.7167962431907654,0.796875,0.578125,0.8198894500732422,0.6436666655540466,0.8020833134651184,0.8125,0.8204166674613953,0.819375
427,0.9166666865348816,0.828125,0.8310155367851257,0.7154629111289978,0.8826530575752258,0.7166666388511658,0.8167644500732422,0.6474166655540466,0.921875,0.90625,0.8204166674613953,0.82
428,0.8186274766921997,0.7115384340286255,0.8275962066650391,0.7079477596282959,0.796875,0.625,0.8136394500732422,0.6411666655540467,0.7916666865348816,0.8125,0.8191666674613952,0.819375
429,0.8299999833106995,0.7678571343421936,0.8344411039352417,0.7160429978370666,0.8125,0.59375,0.8190561175346375,0.6480416655540466,0.8177083134651184,0.84375,0.8245833349227906,0.824375
430,0.901960790157318,0.8461538553237915,0.8353469848632813,0.7174166226387024,0.9166666865348816,0.8125,0.8203911519050598,0.6517916655540467,0.953125,0.921875,0.8264583349227905,0.824375
431,0.8028846383094788,0.7083333134651184,0.8385347414016724,0.7198928117752075,0.78125,0.53125,0.8255994868278503,0.6549166655540466,0.8072916865348816,0.78125,0.8289583349227905,0.83
432,0.745192289352417,0.6666666865348816,0.8391189742088317,0.717995376586914,0.7552083134651184,0.734375,0.8245578217506409,0.6630416655540466,0.734375,0.765625,0.8287500023841858,0.8325
433,0.7450000047683716,0.5714285969734192,0.8365453886985779,0.7108525204658508,0.7291666865348816,0.53125,0.8222661566734314,0.6636666655540466,0.71875,0.734375,0.8258333349227905,0.83
434,0.9081632494926452,0.6499999761581421,0.8321724677085877,0.7042790937423706,0.8802083134651184,0.703125,0.8189328241348267,0.6630416655540466,0.875,0.875,0.8222916674613953,0.828125
435,0.8899999856948853,0.75,0.8396606945991516,0.7106124281883239,0.8854166865348816,0.65625,0.823724491596222,0.6674166655540467,0.8802083134651184,0.859375,0.8277083325386048,0.835625
436,0.911764681339264,0.807692289352417,0.8332606935501099,0.7048981428146363,0.9010416865348816,0.6875,0.8176828241348266,0.6686666655540466,0.8958333134651184,0.921875,0.820625,0.829375
437,0.8557692170143127,0.7708333134651184,0.8322426104545593,0.7016026878356934,0.8489583134651184,0.640625,0.8160161590576172,0.6711666655540466,0.8489583134651184,0.84375,0.8183333325386047,0.823125
438,0.7850000262260437,0.7678571343421936,0.8378426098823547,0.7123169732093811,0.7708333134651184,0.53125,0.8212244939804078,0.6724166655540467,0.7239583134651184,0.796875,0.82375,0.826875
439,0.7602040767669678,0.6166666746139526,0.8373624181747437,0.716111843585968,0.7135416865348816,0.671875,0.8201828265190124,0.6799166655540466,0.7395833134651184,0.765625,0.82375,0.825
440,0.7971698045730591,0.5454545617103577,0.8356957507133483,0.7138201761245727,0.765625,0.578125,0.8192517042160035,0.6825,0.8125,0.8125,0.8204166674613953,0.8225
441,0.8650000095367432,0.7857142686843872,0.8382447695732117,0.7161278700828553,0.8385416865348816,0.625,0.8215433716773987,0.688125,0.8385416865348816,0.8125,0.8245833325386047,0.825625
442,0.9049999713897704,0.8035714030265808,0.8379859471321106,0.7092597389221191,0.8979591727256775,0.75,0.8207100391387939,0.693125,0.9166666865348816,0.859375,0.825,0.824375
443,0.8450000286102295,0.6785714030265808,0.834968740940094,0.7014135837554931,0.8541666865348816,0.734375,0.8157100391387939,0.689375,0.8229166865348816,0.875,0.8185416674613952,0.81875
444,0.8921568393707275,0.7692307829856873,0.8394533562660217,0.7059373950958252,0.8854166865348816,0.765625,0.818835039138794,0.69875,0.8854166865348816,0.90625,0.8227083325386048,0.825625
445,0.7799999713897705,0.5714285969734192,0.8474007678031922,0.7146040606498718,0.7447916865348816,0.640625,0.8261267066001892,0.6975,0.71875,0.75,0.8297916650772095,0.834375
446,0.7877358198165894,0.6818181872367859,0.8515591001510621,0.7242469167709351,0.78125,0.734375,0.8313350391387939,0.705625,0.78125,0.8125,0.8343749976158142,0.83875
447,0.942307710647583,0.7916666865348816,0.8458325695991517,0.7282469177246094,0.875,0.734375,0.8269600391387939,0.706875,0.8958333134651184,0.890625,0.831458330154419,0.836875
448,0.7149999737739563,0.6071428656578064,0.845440902709961,0.7313719177246094,0.7083333134651184,0.65625,0.8250850391387939,0.711875,0.6979166865348816,0.703125,0.8310416650772094,0.8375
449,0.8443396091461182,0.6363636255264282,0.845440902709961,0.7321411490440368,0.8072916865348816,0.796875,0.8236267042160034,0.718125,0.828125,0.75,0.83125,0.835625
450,0.8949999809265137,0.8571428656578064,0.8426101350784302,0.7277363872528076,0.9010416865348816,0.78125,0.8198767042160034,0.71875,0.8854166865348816,0.859375,0.8275,0.83125
451,0.7941176295280457,0.7115384340286255,0.8430101346969604,0.7227363872528076,0.7708333134651184,0.765625,0.8202933716773987,0.7225,0.8020833134651184,0.765625,0.83,0.830625
452,0.875,0.7708333134651184,0.8467196178436279,0.7303774118423462,0.859375,0.78125,0.8248767042160035,0.726875,0.8385416865348816,0.84375,0.8345833349227906,0.834375
453,0.8823529481887817,0.7692307829856873,0.85156751871109,0.7472258949279785,0.8541666865348816,0.765625,0.8298767042160035,0.738125,0.8958333134651184,0.890625,0.8387500023841858,0.838125
454,0.8235294222831726,0.5961538553237915,0.849767518043518,0.7436544680595398,0.7916666865348816,0.71875,0.8288350367546081,0.743125,0.828125,0.8125,0.8381250023841857,0.84
455,0.8265306353569031,0.6499999761581421,0.8483675193786621,0.7386544680595398,0.7916666865348816,0.71875,0.8281250023841857,0.745625,0.7916666865348816,0.78125,0.8372916674613953,0.839375
456,0.915000021457672,0.8214285969734192,0.8466083335876465,0.7355116128921508,0.859375,0.765625,0.8252083349227906,0.74625,0.9114583134651184,0.953125,0.8352083325386047,0.834375
457,0.9438775777816772,0.8833333253860474,0.8498109483718872,0.7397423815727234,0.9375,0.703125,0.8277508521080017,0.7476250004768371,0.9114583134651184,0.984375,0.8387499976158143,0.836875
458,0.8489583134651184,0.8125,0.8513560485839844,0.7438083148002624,0.859375,0.734375,0.8304591846466064,0.7513750004768371,0.8333333134651184,0.84375,0.8418749976158142,0.83875
459,0.7649999856948853,0.75,0.8578466153144837,0.7479641580581665,0.7708333134651184,0.734375,0.8369175171852112,0.7570000004768371,0.8020833134651184,0.828125,0.8477083301544189,0.845625
460,0.8802083134651184,0.828125,0.8481935214996338,0.7439897990226746,0.8385416865348816,0.78125,0.8294175171852112,0.7526250004768371,0.8697916865348816,0.875,0.839583330154419,0.8375
461,0.911764681339264,0.8269230723381042,0.8511319851875305,0.7438707518577575,0.8645833134651184,0.84375,0.8315008521080017,0.7545000004768372,0.9010416865348816,0.875,0.8441666626930237,0.840625
462,0.7850000262260437,0.6607142686843872,0.8529834008216858,0.7471662068367004,0.7552083134651184,0.65625,0.8344175171852112,0.7507500004768372,0.7552083134651184,0.734375,0.8456249952316284,0.846875
463,0.7950000166893005,0.6428571343421936,0.8527834010124207,0.7485947775840759,0.78125,0.625,0.8337925171852112,0.7538750004768372,0.7864583134651184,0.78125,0.8454166603088379,0.8475
464,0.8529411554336548,0.807692289352417,0.8508146142959595,0.7427999067306519,0.828125,0.78125,0.8323341846466065,0.7495000004768372,0.8541666865348816,0.859375,0.8424999952316284,0.845625
465,0.918367326259613,0.9666666388511658,0.8487557911872864,0.7419665741920471,0.890625,0.859375,0.8308758521080017,0.7488750004768372,0.9166666865348816,0.90625,0.8424999952316284,0.841875
466,0.8199999928474426,0.6964285969734192,0.8450303006172181,0.7388896512985229,0.8125,0.75,0.8275425171852112,0.7395000004768372,0.8229166865348816,0.859375,0.8370833301544189,0.835
467,0.8700000047683716,0.6785714030265808,0.8466891241073609,0.7464720678329467,0.8802083134651184,0.8125,0.8298341822624207,0.7413750004768371,0.8958333134651184,0.84375,0.8381249976158142,0.836875
468,0.8010203838348389,0.6000000238418579,0.846176917552948,0.7481643772125244,0.78125,0.75,0.8262925148010254,0.7370000004768371,0.7708333134651184,0.75,0.8372916626930237,0.83625
469,0.9722222089767456,0.875,0.8410054874420166,0.7446405673027039,0.9489796161651612,0.800000011920929,0.8227508473396301,0.7320000004768371,0.9739583134651184,0.96875,0.8304166626930237,0.826875
470,0.8186274766921997,0.6730769276618958,0.8397809958457947,0.7439739012718201,0.8125,0.734375,0.8223341798782349,0.7395000004768372,0.796875,0.796875,0.830208330154419,0.82375
471,0.949999988079071,0.7857142686843872,0.842881486415863,0.7445508241653442,0.9427083134651184,0.875,0.8256675124168396,0.7395000004768372,0.9270833134651184,0.984375,0.8333333301544189,0.825625
472,0.7009803652763367,0.692307710647583,0.8487520742416382,0.7499354386329651,0.6875,0.625,0.8300425124168396,0.7438750004768372,0.6927083134651184,0.6875,0.8368749976158142,0.828125
473,0.7884615659713745,0.6041666865348816,0.8459437417984009,0.7460961532592774,0.7604166865348816,0.703125,0.8292091774940491,0.7382500004768372,0.8125,0.78125,0.8354166626930237,0.82625
474,0.890625,0.71875,0.8456549715995788,0.7396858978271484,0.8802083134651184,0.703125,0.8283758449554444,0.7382500004768372,0.8645833134651184,0.90625,0.8349999952316284,0.82625
475,0.8899999856948853,0.8928571343421936,0.8497451663017273,0.7424880957603455,0.8854166865348816,0.859375,0.8335841798782349,0.7463750004768371,0.8802083134651184,0.875,0.840208330154419,0.831875
476,0.7448979616165161,0.5666666626930237,0.8491451644897461,0.7396309542655944,0.734375,0.65625,0.8300425124168396,0.7482500004768372,0.7291666865348816,0.71875,0.8393749976158142,0.82875
477,0.8235294222831726,0.75,0.8529121327400208,0.743989930152893,0.8229166865348816,0.765625,0.8337925124168396,0.7513750004768371,0.8385416865348816,0.75,0.8441666626930237,0.83125
478,0.7892156839370728,0.692307710647583,0.8521033644676208,0.7363232636451721,0.7708333134651184,0.53125,0.8342899608612061,0.7496666669845581,0.7604166865348816,0.71875,0.8433333277702332,0.82875
479,0.8650000095367432,0.7857142686843872,0.8531033658981323,0.7377518343925477,0.8489583134651184,0.765625,0.8334226131439209,0.7490000009536744,0.8541666865348816,0.859375,0.8433333277702332,0.828125
480,0.813725471496582,0.692307710647583,0.8526783657073974,0.7437339782714844,0.703125,0.609375,0.8313392806053161,0.7421250009536743,0.7708333134651184,0.765625,0.8416666626930237,0.828125
481,0.7857142686843872,0.7333333492279053,0.849099087715149,0.7405673098564148,0.7708333134651184,0.640625,0.8267559480667114,0.7365000009536743,0.7395833134651184,0.71875,0.8377083301544189,0.825
482,0.9132652878761292,0.8666666746139526,0.8494409680366516,0.7414006423950196,0.9270833134651184,0.890625,0.8277550959587097,0.7426250004768371,0.90625,0.90625,0.8383333301544189,0.825625
483,0.9264705777168274,0.8269230723381042,0.8435708689689636,0.7407275652885437,0.9427083134651184,0.734375,0.8204634284973145,0.7376250004768372,0.9114583134651184,0.890625,0.8331249976158142,0.82125
484,0.911764681339264,0.8846153616905212,0.8412571430206299,0.7400682258605957,0.8802083134651184,0.84375,0.819421763420105,0.7376250004768372,0.890625,0.890625,0.8314583325386047,0.8175
485,0.8100000023841858,0.7321428656578064,0.849492437839508,0.7462220716476441,0.8177083134651184,0.640625,0.8279634308815003,0.7451250004768372,0.8333333134651184,0.828125,0.8395833325386047,0.82625
486,0.9045454263687134,0.6666666865348816,0.8531462836265564,0.753722071647644,0.84375,0.84375,0.8317134308815003,0.7501250004768372,0.890625,0.875,0.8425,0.82875
487,0.8872548937797546,0.7307692170143127,0.8440518951416016,0.7456387376785278,0.8854166865348816,0.859375,0.8206717658042908,0.7420000004768371,0.8854166865348816,0.875,0.8329166674613953,0.8175
488,0.7799999713897705,0.5714285969734192,0.8442211270332336,0.7440911197662353,0.6927083134651184,0.671875,0.8204634308815002,0.7382500004768372,0.765625,0.703125,0.8333333349227905,0.816875
489,0.9471153616905212,0.9166666865348816,0.8442211270332336,0.7474244523048401,0.921875,0.859375,0.8198384308815002,0.7407500004768371,0.9739583134651184,0.921875,0.8327083349227905,0.815625
490,0.8981481194496155,0.7749999761581421,0.8462799501419067,0.7434244513511657,0.9030612111091614,0.8166666626930237,0.8212074780464172,0.7387916660308838,0.8958333134651184,0.84375,0.8329166674613953,0.81875
491,0.8450000286102295,0.7321428656578064,0.8480446553230285,0.74650137424469,0.7908163070678711,0.7333333492279053,0.8239158129692078,0.7487916660308838,0.8229166865348816,0.84375,0.835,0.823125
492,0.859375,0.828125,0.8432405734062195,0.7430728030204773,0.828125,0.640625,0.8195408129692078,0.7431666660308838,0.8541666865348816,0.84375,0.8304166650772095,0.818125
493,0.7115384340286255,0.5208333134651184,0.8439607858657837,0.7470471620559692,0.6666666865348816,0.609375,0.825582480430603,0.7469166660308838,0.671875,0.671875,0.8345833325386047,0.816875
494,0.9807692170143129,0.8958333134651184,0.8435126066207885,0.7454061365127563,0.9739583134651184,0.953125,0.8251658153533935,0.7444166660308837,0.9895833134651184,0.984375,0.8360416674613953,0.8175
495,0.671875,0.65625,0.8379819941520691,0.7378823256492615,0.6302083134651184,0.609375,0.8189158153533935,0.7362916660308838,0.6666666865348816,0.6875,0.8302083349227906,0.811875
496,0.8921568393707275,0.7692307829856873,0.8348815035820008,0.7341804027557373,0.9166666865348816,0.875,0.8143324828147889,0.7375416660308838,0.8854166865348816,0.890625,0.827291669845581,0.80875
497,0.906862735748291,0.8461538553237915,0.833210916519165,0.7337957882881164,0.9010416865348816,0.8125,0.8126658177375794,0.7306666660308838,0.8958333134651184,0.90625,0.8264583373069763,0.805
498,0.879807710647583,0.7916666865348816,0.8354109168052674,0.7366529297828674,0.8541666865348816,0.828125,0.8126658177375794,0.7331666660308838,0.8854166865348816,0.84375,0.8260416722297669,0.803125
499,0.6632652878761292,0.5166666507720947,0.8390250182151795,0.7493195962905884,0.6041666865348816,0.5,0.817874150276184,0.7362916660308838,0.625,0.625,0.8293750047683716,0.808125
500,0.8942307829856873,0.8541666865348816,0.8390250182151795,0.754704213142395,0.8802083134651184,0.765625,0.817249150276184,0.7344166660308837,0.890625,0.859375,0.827291669845581,0.80625
501,0.7448979616165161,0.6499999761581421,0.8418634819984436,0.7618470692634582,0.71875,0.71875,0.8230824851989746,0.7325416660308838,0.7135416865348816,0.6875,0.8308333373069763,0.8125
502,0.875,0.6499999761581421,0.8366872000694275,0.753305401802063,0.8571428656578064,0.7166666388511658,0.8170408177375793,0.7287916660308837,0.84375,0.828125,0.8237500047683716,0.8075
503,0.8333333134651184,0.7692307829856873,0.8346828436851501,0.7492284798622131,0.8385416865348816,0.78125,0.8132100367546081,0.7248749995231628,0.8125,0.828125,0.8225000047683716,0.806875
504,0.7448979616165161,0.699999988079071,0.838701024055481,0.7554983210563659,0.7395833134651184,0.625,0.8190773844718933,0.7267916655540466,0.7395833134651184,0.734375,0.8268750047683716,0.81
505,0.8317307829856873,0.7916666865348816,0.8412010240554809,0.757373321056366,0.8541666865348816,0.703125,0.8217857170104981,0.7292916655540467,0.875,0.734375,0.8300000047683715,0.809375
506,0.7745097875595093,0.692307710647583,0.8401394867897034,0.7615399885177613,0.7604166865348816,0.578125,0.8222023820877076,0.7274166655540466,0.7760416865348816,0.734375,0.8287500047683716,0.805625
507,0.7749999761581421,0.6785714030265808,0.8324773454666138,0.7526297330856323,0.7708333134651184,0.6875,0.813035717010498,0.7174166655540466,0.7604166865348816,0.765625,0.8177083396911621,0.794375
508,0.8489583134651184,0.734375,0.8434869599342346,0.754713065624237,0.828125,0.765625,0.8247023844718933,0.7267916655540466,0.8385416865348816,0.8125,0.8275000047683716,0.803125
509,0.8700000047683716,0.875,0.8468202948570251,0.7631746029853821,0.8385416865348816,0.671875,0.8278273844718933,0.7261666655540466,0.8697916865348816,0.796875,0.8314583373069763,0.80625
510,0.8650000095367432,0.8035714030265808,0.8476046085357666,0.7608669114112854,0.8177083134651184,0.703125,0.8282440495491028,0.7274166655540466,0.8229166865348816,0.78125,0.8316666722297669,0.805
511,0.994897961616516,0.9833333492279052,0.8478122997283936,0.7599145293235778,0.9739583134651184,0.921875,0.8284523820877076,0.7267916655540466,0.9739583134651184,1.0,0.8291666722297668,0.805
512,0.8872548937797546,0.8653846383094788,0.8532424736022949,0.7661709403991699,0.8697916865348816,0.8125,0.834494047164917,0.7374166655540466,0.8333333134651184,0.828125,0.8352083396911621,0.81
513,0.8509615659713745,0.75,0.8491058945655823,0.7593376064300537,0.8385416865348816,0.625,0.8305357146263123,0.7305416655540466,0.8541666865348816,0.859375,0.8285416722297668,0.804375
514,0.8177083134651184,0.703125,0.8551433086395264,0.767087607383728,0.7708333134651184,0.765625,0.835119047164917,0.7374166655540466,0.796875,0.796875,0.8341666722297668,0.81
515,0.8480392098426819,0.6730769276618958,0.8572021317481995,0.7741645312309265,0.8072916865348816,0.71875,0.8372916650772094,0.74125,0.8645833134651184,0.828125,0.8375000047683716,0.814375
516,0.9454545378684998,0.8888888955116272,0.8552688002586365,0.7698238706588745,0.9375,0.78125,0.8356249976158142,0.740625,0.9322916865348816,0.921875,0.8362500047683716,0.81375
517,0.921875,0.875,0.8566493535041809,0.7649007940292358,0.8958333134651184,0.703125,0.8362457466125488,0.7422916674613953,0.9322916865348816,0.828125,0.8360416722297669,0.815625
518,0.6850000023841858,0.625,0.8531717896461487,0.7619841265678405,0.6770833134651184,0.5625,0.8312457466125488,0.7422916674613953,0.640625,0.578125,0.8325000047683716,0.816875
519,0.7892156839370728,0.6730769276618958,0.855524730682373,0.7612148952484131,0.7447916865348816,0.703125,0.8349107122421264,0.7531666684150696,0.7135416865348816,0.703125,0.8356250047683715,0.820625
520,0.9471153616905212,0.7083333134651184,0.8581247305870057,0.7647863245010376,0.921875,0.84375,0.8372023797035217,0.7581666684150696,0.9114583134651184,0.90625,0.8387500047683716,0.823125
521,0.9754902124404908,0.9807692170143129,0.8568194603919983,0.7634113240242004,0.9947916865348816,0.859375,0.8372023797035217,0.7569166684150695,0.984375,0.96875,0.8370833373069764,0.8225
522,0.9264705777168274,0.7884615659713745,0.8589582347869873,0.7637446570396423,0.9114583134651184,0.84375,0.8401190447807312,0.7656666684150696,0.9010416865348816,0.875,0.8389583373069763,0.828125
523,0.8849999904632568,0.7678571343421936,0.8592601943016053,0.7577556467056275,0.859375,0.8125,0.8409523797035218,0.7700416684150696,0.8229166865348816,0.84375,0.840416669845581,0.83125
524,0.7990196347236633,0.6730769276618958,0.8544642758369446,0.7527080273628235,0.7552083134651184,0.765625,0.837619047164917,0.7662916684150696,0.7760416865348816,0.75,0.8362500047683716,0.8275
525,0.7908163070678711,0.6833333373069763,0.8563740801811218,0.7538069272041321,0.78125,0.59375,0.8405357122421264,0.7712916684150696,0.7239583134651184,0.71875,0.8402083396911622,0.831875
526,0.8958333134651184,0.84375,0.8606992530822754,0.7538069272041321,0.8333333134651184,0.890625,0.8457440447807312,0.7812916684150696,0.8541666865348816,0.828125,0.8441666722297668,0.835
527,0.9264705777168274,0.8269230723381042,0.8628928804397583,0.7579896187782288,0.9114583134651184,0.8125,0.8492857122421265,0.7856666684150696,0.9270833134651184,0.9375,0.8468750047683716,0.838125
528,0.7850000262260437,0.6607142686843872,0.8618879795074463,0.7616915416717529,0.796875,0.765625,0.8505357122421264,0.7869166684150696,0.78125,0.8125,0.8475000047683716,0.84
529,0.779411792755127,0.5769230723381042,0.8593425250053406,0.757247097492218,0.7551020383834839,0.6666666865348816,0.8494940447807312,0.7912916684150696,0.734375,0.78125,0.846666669845581,0.839375
530,0.7447916865348816,0.71875,0.8526598334312439,0.7489137649536133,0.7291666865348816,0.703125,0.8432440447807312,0.7925416684150696,0.7864583134651184,0.765625,0.8402083349227906,0.838125
531,0.8333333134651184,0.6730769276618958,0.8594598340988159,0.7596280503273011,0.8520408272743225,0.8500000238418579,0.8499107122421264,0.8025416684150696,0.8541666865348816,0.828125,0.8489583349227905,0.84875
532,0.8399999737739563,0.7678571343421936,0.8625970888137817,0.7619357419013977,0.828125,0.8125,0.853452377319336,0.8044166684150695,0.8385416865348816,0.828125,0.855625,0.855
533,0.8163265585899353,0.699999988079071,0.8590874743461608,0.764227409362793,0.828125,0.734375,0.8499107098579407,0.8031666684150696,0.796875,0.796875,0.8533333349227905,0.85
534,0.9234693646430968,0.8833333253860474,0.853401198387146,0.7518716406822205,0.9114583134651184,0.890625,0.8415773749351502,0.7975416684150696,0.9166666865348816,0.9375,0.8466666674613953,0.843125
535,0.8725489974021912,0.6538461446762085,0.8528808379173278,0.7461665105819703,0.8385416865348816,0.8125,0.8392857098579407,0.7931666684150696,0.859375,0.859375,0.8445833325386047,0.843125
536,0.875,0.8571428656578064,0.8498808383941651,0.7461665105819703,0.890625,0.828125,0.8375637722015381,0.7926666688919067,0.8697916865348816,0.90625,0.8447916650772095,0.843125
537,0.9350000023841858,0.8928571343421936,0.8532141709327697,0.7469357419013977,0.9427083134651184,0.9375,0.8415221071243286,0.7964166688919068,0.9322916865348816,0.9375,0.8499999976158142,0.84875
538,0.9590908885002136,0.75,0.8562874007225036,0.7488331770896912,0.96875,0.875,0.8440221071243286,0.8051666688919067,0.953125,0.9375,0.8541666650772095,0.851875
539,0.8725489974021912,0.807692289352417,0.8518826389312744,0.7424165105819702,0.859375,0.875,0.8419387745857239,0.7970416688919068,0.8645833134651184,0.875,0.8516666650772095,0.850625
540,0.8229166865348816,0.765625,0.8433654832839966,0.7343395876884461,0.8385416865348816,0.75,0.8323554420471191,0.7907916688919068,0.8802083134651184,0.875,0.840625,0.843125
541,0.8818181753158569,0.7777777910232544,0.8366593599319458,0.7319110178947449,0.9114583134651184,0.890625,0.8263137745857239,0.7864166688919068,0.9114583134651184,0.90625,0.8341666674613952,0.83375
542,0.754807710647583,0.6666666865348816,0.8360951328277588,0.735500762462616,0.7395833134651184,0.734375,0.8261096930503845,0.7866250014305115,0.7708333134651184,0.796875,0.8354166674613953,0.8325
543,0.8550000190734863,0.8928571343421936,0.8414055061340332,0.7400840950012207,0.84375,0.8125,0.8311096930503845,0.7903750014305114,0.859375,0.84375,0.8389583349227905,0.836875
544,0.8676470518112183,0.7307692170143127,0.8439055061340333,0.7494110178947448,0.8333333134651184,0.75,0.8314030599594117,0.7901250004768372,0.8802083134651184,0.859375,0.839375,0.83875
545,0.859375,0.765625,0.8478980994224549,0.7546967315673828,0.8333333134651184,0.8125,0.8351530599594116,0.7907500004768372,0.8541666865348816,0.78125,0.8425,0.841875
546,0.8333333134651184,0.671875,0.8454450368881226,0.7566967320442199,0.7864583134651184,0.71875,0.8326530599594116,0.7913750004768372,0.8177083134651184,0.796875,0.841875,0.841875
547,0.9134615659713744,0.6458333134651184,0.8409062623977661,0.7492205429077149,0.8541666865348816,0.734375,0.8293197274208068,0.7882500004768371,0.8489583134651184,0.875,0.838125,0.836875
548,0.8100000023841858,0.7678571343421936,0.8396777725219726,0.7524000310897827,0.8163265585899353,0.800000011920929,0.8276530599594116,0.7870000004768372,0.828125,0.84375,0.836875,0.8325
549,0.8823529481887817,0.692307710647583,0.8411483597755433,0.7527297019958497,0.8541666865348816,0.859375,0.8289030599594116,0.7882500004768371,0.90625,0.890625,0.839375,0.833125
550,0.8676470518112183,0.7307692170143127,0.8407483601570129,0.7491582727432251,0.84375,0.8125,0.8270280599594116,0.7857500004768372,0.828125,0.796875,0.8391666650772095,0.831875
551,0.7857142686843872,0.6833333373069763,0.8358462619781494,0.7449916052818298,0.78125,0.6875,0.8172363924980164,0.7782500004768371,0.7916666865348816,0.796875,0.8320833325386048,0.82625
552,0.7135416865348816,0.625,0.8364160013198852,0.7435930037498474,0.671875,0.65625,0.8197363924980163,0.7770000004768371,0.6510416865348816,0.75,0.8322916674613953,0.82625
553,0.6173469424247742,0.6000000238418579,0.8393816876411438,0.7483526182174682,0.6458333134651184,0.65625,0.8209863924980163,0.7782500004768371,0.6197916865348816,0.578125,0.8320833349227905,0.826875
554,0.7653061151504517,0.6666666865348816,0.8369935750961304,0.7439081740379333,0.75,0.671875,0.8174447274208069,0.7713750004768372,0.765625,0.75,0.8264583349227905,0.821875
555,0.8775510191917419,0.8333333134651184,0.8392012667655945,0.7422415065765381,0.8541666865348816,0.796875,0.8201530623435974,0.7720000004768371,0.875,0.875,0.8268750023841858,0.821875
556,0.8958333134651184,0.90625,0.8398012661933899,0.7365272212028503,0.859375,0.84375,0.8184863948822021,0.7676250004768371,0.8645833134651184,0.875,0.826041669845581,0.8225
557,0.9398148059844972,0.8999999761581421,0.8323870515823364,0.7316714525222778,0.921875,0.828125,0.8111947298049926,0.7607500004768372,0.9166666865348816,0.90625,0.8168750047683716,0.815
558,0.7549999952316284,0.75,0.8323257780075073,0.7295079898834228,0.765625,0.75,0.8111947298049926,0.7607500004768372,0.78125,0.796875,0.815416669845581,0.814375
559,0.8100000023841858,0.6964285969734192,0.8343924450874328,0.7340615606307983,0.828125,0.8125,0.8159863972663879,0.7645000004768372,0.8229166865348816,0.8125,0.8162500047683716,0.816875
560,0.8418367505073547,0.7333333492279053,0.8352124738693237,0.7436827731132507,0.796875,0.78125,0.8191113972663879,0.7695000004768372,0.828125,0.75,0.8187500047683716,0.819375
561,0.911764681339264,0.8653846383094788,0.8342124748229981,0.7422542023658752,0.921875,0.859375,0.8162500023841858,0.765,0.9322916865348816,0.921875,0.8185416722297668,0.81625
562,0.925000011920929,0.8035714030265808,0.8289183568954468,0.7438476085662842,0.8958333134651184,0.875,0.8125000023841857,0.758125,0.9270833134651184,0.90625,0.8125000047683716,0.81125
563,0.8365384340286255,0.6458333134651184,0.8237958073616027,0.7421168398857116,0.7239583134651184,0.6875,0.8070833349227905,0.750625,0.7760416865348816,0.796875,0.8077083373069763,0.80875
564,0.8867924809455872,0.7727272510528564,0.8248672366142273,0.7454085063934326,0.921875,0.84375,0.8104166674613953,0.75625,0.8697916865348816,0.875,0.8102083373069763,0.810625
565,0.8970588445663452,0.8846153616905212,0.824953019618988,0.7419469690322876,0.8697916865348816,0.78125,0.809375,0.75125,0.875,0.890625,0.8137500023841858,0.809375
566,0.8221153616905212,0.6666666865348816,0.8344899106025696,0.7471136355400085,0.8229166865348816,0.71875,0.8172916674613953,0.75375,0.7708333134651184,0.78125,0.8229166674613952,0.8175
567,0.8100000023841858,0.625,0.8374776649475097,0.7547326827049256,0.8072916865348816,0.75,0.8210416674613953,0.761875,0.78125,0.796875,0.8270833349227905,0.8225
568,0.8700000047683716,0.75,0.8375756239891052,0.7542564940452575,0.8020833134651184,0.703125,0.8197916674613953,0.760625,0.8385416865348816,0.859375,0.8264583349227905,0.821875
569,0.6822916865348816,0.609375,0.8369422912597656,0.7515779232978821,0.6510416865348816,0.578125,0.819375,0.760625,0.6510416865348816,0.671875,0.8270833349227905,0.82125
570,0.8578431606292725,0.7115384340286255,0.8336634254455566,0.7463471555709839,0.8333333134651184,0.8125,0.8152083325386047,0.75875,0.8177083134651184,0.765625,0.821875,0.8175
571,0.8849999904632568,0.7857142686843872,0.8370050930976868,0.7475971555709839,0.90625,0.8125,0.8179166650772095,0.756875,0.8385416865348816,0.859375,0.8252083325386047,0.81875
572,0.9339622855186462,0.8863636255264282,0.8413358616828919,0.7547400116920471,0.9322916865348816,0.859375,0.8218749976158142,0.75625,0.9114583134651184,0.9375,0.8293749976158142,0.8225
573,0.7850000262260437,0.7321428656578064,0.8467008543014526,0.7620733451843261,0.7447916865348816,0.6875,0.8299999976158142,0.76,0.8229166865348816,0.765625,0.8356249976158142,0.8325
574,0.75,0.7321428656578064,0.8451282262802124,0.7567912936210632,0.7604166865348816,0.6875,0.8268749976158142,0.758125,0.7552083134651184,0.765625,0.8322916626930237,0.83
575,0.7395833134651184,0.6875,0.843512840270996,0.7546484375,0.7083333134651184,0.625,0.8251232981681824,0.7544583344459533,0.7083333134651184,0.734375,0.8291666626930236,0.82875
576,0.8125,0.765625,0.8440513038635253,0.761672248840332,0.8645833134651184,0.828125,0.8299149656295777,0.7594583344459533,0.8541666865348816,0.84375,0.8316666626930237,0.829375
577,0.7156862616539001,0.5384615659713745,0.8463796043395996,0.76004887342453,0.6458333134651184,0.53125,0.8303316330909729,0.7575833344459534,0.7395833134651184,0.71875,0.8341666626930236,0.831875
578,0.8557692170143127,0.7291666865348816,0.8362972497940063,0.7468071150779724,0.84375,0.71875,0.8197066330909729,0.7463333344459534,0.8489583134651184,0.78125,0.8231249952316284,0.820625
579,0.8399999737739563,0.8571428656578064,0.8381185173988343,0.7493712162971496,0.84375,0.875,0.8194982981681824,0.7482083344459534,0.8697916865348816,0.875,0.8266666626930237,0.8225
580,0.8799999952316284,0.8214285969734192,0.8406204771995545,0.7536019849777221,0.8229166865348816,0.765625,0.8222066307067871,0.7507083344459534,0.859375,0.859375,0.8299999952316284,0.823125
581,0.8799999952316284,0.8392857313156128,0.8431674146652222,0.7602686524391175,0.8489583134651184,0.84375,0.8267899656295776,0.7569583344459534,0.8802083134651184,0.859375,0.8345833277702331,0.826875
582,0.8578431606292725,0.7692307829856873,0.8454835891723633,0.7582013440132142,0.8177083134651184,0.78125,0.8288732981681823,0.7644583344459533,0.7864583134651184,0.8125,0.8387499928474427,0.831875
583,0.8385416865348816,0.78125,0.8460718226432801,0.7643551921844483,0.8333333134651184,0.703125,0.8292899656295777,0.7638333344459534,0.8645833134651184,0.828125,0.8404166603088379,0.834375
584,0.9182692170143129,0.875,0.8438090777397156,0.7652343130111694,0.9270833134651184,0.796875,0.8267899656295776,0.7619583344459534,0.9270833134651184,0.90625,0.8408333253860474,0.8325
585,0.9759615659713744,0.9166666865348816,0.8382505869865418,0.7590654826164246,1.0,0.875,0.8207482981681824,0.7538333344459534,0.984375,1.0,0.8368749928474426,0.8275
586,0.8724489808082581,0.7333333492279053,0.8435852789878845,0.7651131010055542,0.84375,0.8125,0.8276232981681824,0.7594583344459533,0.8489583134651184,0.859375,0.8410416579246521,0.83375
587,0.8846153616905212,0.75,0.8488793969154358,0.7681350779533386,0.8520408272743225,0.7833333611488342,0.8315816307067871,0.7675833344459534,0.8489583134651184,0.875,0.8460416579246521,0.838125
588,0.8500000238418579,0.8214285969734192,0.8513368797302246,0.7666350769996643,0.84375,0.8125,0.8334566307067871,0.7700833344459533,0.8385416865348816,0.8125,0.8495833253860474,0.840625
589,0.9449999928474426,0.7321428656578064,0.8548746156692505,0.76510098695755,0.9322916865348816,0.796875,0.8353316307067871,0.7732083344459534,0.9322916865348816,0.9375,0.8516666579246521,0.840625
590,0.6449999809265137,0.5535714030265808,0.85840402841568,0.7689471387863159,0.6041666865348816,0.5,0.8403316307067871,0.7813333344459533,0.5989583134651184,0.609375,0.8518749928474426,0.840625
591,0.8676470518112183,0.7307692170143127,0.8582909059524536,0.7705497026443482,0.8177083134651184,0.765625,0.8397066307067871,0.7832083344459534,0.859375,0.828125,0.8522916603088379,0.84375
592,0.8725489974021912,0.7307692170143127,0.860769338607788,0.7678024506568909,0.875,0.8125,0.8403316307067871,0.7807083344459533,0.8645833134651184,0.8125,0.8531249928474426,0.84375
593,0.9336734414100648,0.9166666865348816,0.8597693395614624,0.7678024506568909,0.9166666865348816,0.859375,0.8413732957839966,0.7838333344459534,0.953125,0.953125,0.8527083253860473,0.841875
594,0.7401960492134094,0.557692289352417,0.8541611766815186,0.7615643548965454,0.703125,0.765625,0.8334566307067871,0.7744583344459534,0.7552083134651184,0.796875,0.8462499928474426,0.83625
595,0.8725489974021912,0.8653846383094788,0.8554243731498719,0.7657951235771179,0.84375,0.796875,0.8365816307067871,0.7769583344459534,0.859375,0.828125,0.8487499928474427,0.84
596,0.8284313678741455,0.807692289352417,0.8598827052116395,0.7688308382034301,0.84375,0.765625,0.8428316307067871,0.7857083344459533,0.8489583134651184,0.8125,0.8518749928474426,0.84375
597,0.7950000166893005,0.7321428656578064,0.858642132282257,0.7638308382034302,0.78125,0.65625,0.8388732981681823,0.7844583344459534,0.8125,0.8125,0.8468749928474426,0.839375
598,0.918367326259613,0.8833333253860474,0.8508281588554383,0.7558308362960815,0.9166666865348816,0.828125,0.8292899656295777,0.7769583344459534,0.9270833134651184,0.921875,0.8385416603088379,0.830625
599,0.8823529481887817,0.807692289352417,0.8494487190246582,0.7534975028038025,0.859375,0.890625,0.8282482981681824,0.7750833344459533,0.8802083134651184,0.875,0.8370833277702332,0.82875
600,0.8010203838348389,0.6499999761581421,0.8510641050338745,0.7556403589248657,0.7552083134651184,0.6875,0.8306249976158142,0.78,0.796875,0.796875,0.8399999952316284,0.82875
601,0.900943398475647,0.7272727489471436,0.8545150852203369,0.7566293692588806,0.9114583134651184,0.90625,0.8339583301544189,0.78375,0.90625,0.84375,0.8437499952316284,0.8325
602,0.8039215803146362,0.6346153616905212,0.8533188581466675,0.755525472164154,0.7708333134651184,0.734375,0.8312499952316285,0.785,0.7447916865348816,0.71875,0.8427083277702332,0.831875
603,0.8529411554336548,0.7692307829856873,0.8673370409011841,0.7656048393249512,0.828125,0.765625,0.8460416603088379,0.800625,0.859375,0.859375,0.8570833277702331,0.846875
604,0.901960790157318,0.7884615659713745,0.8679252767562866,0.7663740706443787,0.859375,0.8125,0.8479166603088379,0.80125,0.890625,0.875,0.8564583277702331,0.84875
605,0.8550000190734863,0.8214285969734192,0.86771719455719,0.7671433019638062,0.8489583134651184,0.84375,0.8443749928474427,0.79625,0.8489583134651184,0.8125,0.8547916626930236,0.850625
606,0.7397959232330322,0.6833333373069763,0.8637664842605591,0.755931179523468,0.6510416865348816,0.609375,0.8414583253860474,0.7925,0.71875,0.71875,0.8497916626930236,0.844375
607,0.8894230723381042,0.875,0.8665586423873901,0.7643377733230591,0.8958333134651184,0.84375,0.8456249928474426,0.79125,0.8489583134651184,0.90625,0.8518749976158142,0.84625
608,0.949999988079071,0.8571428656578064,0.8610444378852844,0.7557223868370057,0.9895833134651184,0.921875,0.8404166603088379,0.78625,0.9427083134651184,0.921875,0.846458330154419,0.840625
609,0.8872548937797546,0.75,0.8590836548805236,0.7487993097305298,0.828125,0.765625,0.8370833277702332,0.785,0.8020833134651184,0.796875,0.8443749976158142,0.836875
610,0.7806122303009033,0.7166666388511658,0.8597326326370239,0.7501802611351013,0.7604166865348816,0.6875,0.8368749952316284,0.79,0.7760416865348816,0.78125,0.845208330154419,0.8375
611,0.8379629850387573,0.675000011920929,0.8524210166931152,0.7390135955810547,0.8177083134651184,0.765625,0.8293749952316284,0.783125,0.8125,0.8125,0.8368749976158142,0.829375
612,0.925000011920929,0.8035714030265808,0.8484994482994079,0.7290135955810547,0.9114583134651184,0.90625,0.8249999952316284,0.775625,0.921875,0.875,0.8324999976158142,0.82125
613,0.936274528503418,0.8461538553237915,0.8466627144813538,0.7276802635192872,0.9270833134651184,0.90625,0.8260416626930237,0.77625,0.9322916865348816,0.90625,0.8316666650772094,0.82125
614,0.9150943160057068,0.7045454382896423,0.8402168154716492,0.727256019115448,0.8645833134651184,0.828125,0.8183333301544189,0.76625,0.90625,0.921875,0.8252083325386047,0.815
615,0.9954545497894288,0.8055555820465088,0.8356109738349915,0.7258714056015014,0.9739583134651184,0.890625,0.8162499976158142,0.76,0.9583333134651184,0.984375,0.8227083325386048,0.815625
616,0.8823529481887817,0.75,0.839044349193573,0.7264355087280273,0.8645833134651184,0.78125,0.8210416650772094,0.763125,0.84375,0.875,0.824375,0.815
617,0.8673469424247742,0.75,0.8370399928092956,0.7218970465660095,0.7864583134651184,0.6875,0.8201360535621643,0.7599583339691162,0.8229166865348816,0.859375,0.8202083325386047,0.813125
618,0.8349056839942932,0.6363636255264282,0.8383116912841797,0.7208580851554871,0.84375,0.765625,0.8215943884849548,0.7562083339691162,0.828125,0.796875,0.8225,0.815
619,0.8100000023841858,0.7678571343421936,0.837903528213501,0.7215247511863708,0.8072916865348816,0.734375,0.8257610535621643,0.7630833339691162,0.8072916865348816,0.84375,0.8258333325386047,0.816875
620,0.7346938848495483,0.6499999761581421,0.8335766053199768,0.7165247511863708,0.7135416865348816,0.671875,0.8211777210235596,0.7580833339691162,0.7239583134651184,0.6875,0.824375,0.811875
621,0.779411792755127,0.6346153616905212,0.8331766057014466,0.7200961804389954,0.7604166865348816,0.734375,0.8184693884849549,0.7549583339691162,0.796875,0.71875,0.82375,0.81125
622,0.8112244606018066,0.7666666507720947,0.8258864092826843,0.7150961804389954,0.7760416865348816,0.78125,0.8124277210235595,0.7537083339691162,0.8333333134651184,0.828125,0.82,0.808125
623,0.7355769276618958,0.6041666865348816,0.8293678021430969,0.7125833606719971,0.7291666865348816,0.65625,0.8165943861007691,0.7599583339691162,0.71875,0.71875,0.8216666650772094,0.8125
624,0.7843137383460999,0.557692289352417,0.8310492825508118,0.7177262163162231,0.75,0.703125,0.8182610535621643,0.7587083339691162,0.7708333134651184,0.671875,0.8243749976158142,0.81375
625,0.7551020383834839,0.6166666746139526,0.8279708504676819,0.714044897556305,0.78125,0.703125,0.8155527210235596,0.7562083339691162,0.7760416865348816,0.796875,0.8206249976158142,0.81125
626,0.7397959232330322,0.7166666388511658,0.8291473197937012,0.714044897556305,0.71875,0.65625,0.8165943884849548,0.7562083339691162,0.7447916865348816,0.6875,0.8216666626930237,0.81375
627,0.6887755393981934,0.6000000238418579,0.8239435482025147,0.7094345092773438,0.71875,0.578125,0.8126360559463501,0.7505833339691163,0.6822916865348816,0.734375,0.8149999952316285,0.80625
628,0.9387755393981934,0.7833333611488342,0.8167668747901916,0.7008486485481262,0.9479166865348816,0.84375,0.8077593564987182,0.7482916665077209,0.9010416865348816,0.84375,0.8112499952316284,0.80125
629,0.8518518805503845,0.675000011920929,0.8192086052894593,0.7053941035270691,0.8367347121238708,0.7333333492279053,0.8119260239601135,0.753291666507721,0.7864583134651184,0.828125,0.8168749952316284,0.805
630,0.8867924809455872,0.7954545617103577,0.8229147267341613,0.7068226742744446,0.8854166865348816,0.75,0.8181760239601136,0.762041666507721,0.90625,0.859375,0.8210416603088379,0.808125
631,0.7295918464660645,0.699999988079071,0.8252327847480774,0.7147014617919922,0.7552083134651184,0.78125,0.815854594707489,0.7594166660308838,0.8020833134651184,0.765625,0.8202083277702331,0.806875
632,0.78125,0.75,0.8255411171913147,0.7139871764183044,0.78125,0.71875,0.815854594707489,0.7594166660308838,0.8125,0.78125,0.8210416603088379,0.80375
633,0.9399999976158142,0.9464285969734192,0.8300749301910401,0.7187564086914062,0.921875,0.84375,0.8218962597846985,0.7662916660308838,0.9270833134651184,0.90625,0.8258333277702331,0.810625
634,0.7049999833106995,0.625,0.8333882546424866,0.7247051286697388,0.6770833134651184,0.734375,0.8243962597846984,0.7694166660308838,0.7083333134651184,0.71875,0.8272916603088379,0.81375
635,0.8676470518112183,0.6538461446762085,0.8367392754554749,0.7261813187599182,0.8645833134651184,0.84375,0.8289795923233032,0.7731666660308838,0.8177083134651184,0.890625,0.8285416603088379,0.813125
636,0.8799999952316284,0.8035714030265808,0.8430024719238282,0.732014651298523,0.859375,0.734375,0.8364795923233033,0.7812916660308837,0.8802083134651184,0.84375,0.8358333277702331,0.819375
637,0.8480392098426819,0.7115384340286255,0.8441789412498474,0.7404761910438538,0.84375,0.84375,0.8389795923233032,0.7831666660308838,0.828125,0.8125,0.8374999952316284,0.824375
638,0.9656862616539,0.8461538553237915,0.8509136343002319,0.7478095245361328,0.953125,0.90625,0.8450212597846984,0.7912916660308837,0.9583333134651184,0.96875,0.8439583277702332,0.828125
639,0.7850000262260437,0.5892857313156128,0.8557217979431152,0.7477142882347106,0.765625,0.6875,0.8496045923233032,0.7919166660308838,0.7395833134651184,0.734375,0.8502083277702331,0.83625
640,0.8160377144813538,0.5909090638160706,0.8650335216522217,0.756021978855133,0.8520408272743225,0.8333333134651184,0.8552295923233032,0.8006666660308838,0.8645833134651184,0.859375,0.8577083277702332,0.84
641,0.9433962106704712,0.8636363744735718,0.8603396439552307,0.758688645362854,0.96875,0.90625,0.8516879248619079,0.7975416660308838,0.984375,0.96875,0.8564583277702331,0.841875
642,0.959999978542328,0.7857142686843872,0.8587145471572876,0.761021978855133,0.9427083134651184,0.90625,0.8488435363769531,0.7969583320617676,0.9270833134651184,0.9375,0.8581249952316284,0.8375
643,0.8928571343421936,0.8333333134651184,0.8622994518280029,0.7628401589393615,0.7857142686843872,0.699999988079071,0.8517602014541626,0.8044583320617675,0.8072916865348816,0.765625,0.8604166626930236,0.841875
644,0.8177083134651184,0.75,0.8671974110603332,0.7695068264007568,0.8072916865348816,0.734375,0.8555102014541626,0.8088333320617676,0.828125,0.765625,0.8616666626930237,0.845
645,0.8480392098426819,0.7692307829856873,0.8701474118232727,0.7645068264007568,0.8645833134651184,0.84375,0.8561352014541626,0.8132083320617676,0.84375,0.859375,0.8637499952316284,0.848125
646,0.8622449040412903,0.7833333611488342,0.8698023128509521,0.7628035283088684,0.8229166865348816,0.8125,0.8549744868278504,0.8161249995231629,0.8333333134651184,0.796875,0.8639583301544189,0.84875
647,0.8949999809265137,0.8035714030265808,0.8775206804275513,0.7704701948165894,0.890625,0.875,0.8622661542892456,0.8173749995231628,0.8645833134651184,0.8125,0.8683333301544189,0.851875
648,0.8921568393707275,0.75,0.8765402889251709,0.7766240406036377,0.9166666865348816,0.859375,0.8628911542892456,0.8179999995231628,0.9010416865348816,0.875,0.870833330154419,0.85125
649,0.813725471496582,0.7692307829856873,0.8772226428985596,0.7775581073760987,0.8125,0.75,0.8639328217506409,0.8223749995231628,0.8125,0.796875,0.8704166650772095,0.8525
650,0.9234693646430968,0.800000011920929,0.8829164600372315,0.7857632374763489,0.9322916865348816,0.90625,0.8689328217506409,0.8229999995231628,0.9375,0.890625,0.8764583325386047,0.859375
651,0.8600000143051147,0.7142857313156128,0.8793910503387451,0.7865837502479553,0.8333333134651184,0.671875,0.8662244892120361,0.8198749995231629,0.9010416865348816,0.890625,0.8739583325386048,0.8575
652,0.9215686321258544,0.807692289352417,0.8815204620361328,0.7899353981018067,0.859375,0.796875,0.8697661566734314,0.8211249995231629,0.8697916865348816,0.828125,0.878125,0.861875
653,0.8214285969734192,0.8500000238418579,0.8858789539337159,0.7998704648017884,0.859375,0.765625,0.8708928561210633,0.8215416669845581,0.8697916865348816,0.890625,0.8791666674613953,0.861875
654,0.8112244606018066,0.7333333492279053,0.8803880023956299,0.7966583442687988,0.765625,0.71875,0.866101188659668,0.8134166669845581,0.828125,0.71875,0.8725,0.858125
655,0.9764150977134703,0.8409090638160706,0.8788507485389709,0.7967682361602784,0.9583333134651184,0.9375,0.8640178561210632,0.8096666669845581,0.9635416865348816,0.96875,0.870625,0.85625
656,0.8520408272743225,0.8666666746139526,0.879594795703888,0.7984349036216736,0.8489583134651184,0.890625,0.869880952835083,0.8135416674613952,0.8333333134651184,0.84375,0.8752083325386047,0.863125
657,0.8550000190734863,0.625,0.8845335221290589,0.7999733662605286,0.796875,0.828125,0.8752976179122924,0.8185416674613952,0.8645833134651184,0.859375,0.8795833325386048,0.87
658,0.9313725233078004,0.9038461446762084,0.8802037906646728,0.7985374689102173,0.8928571343421936,0.9166666865348816,0.871755952835083,0.8141666674613952,0.9322916865348816,0.921875,0.8766666650772095,0.866875
659,0.8979591727256775,0.8166666626930237,0.8835986089706421,0.8072041344642639,0.859375,0.765625,0.877380952835083,0.8172916674613953,0.8177083134651184,0.796875,0.8825,0.874375
660,0.843137264251709,0.807692289352417,0.8751986098289489,0.7964898490905762,0.8802083134651184,0.859375,0.8675892853736877,0.8066666674613953,0.8802083134651184,0.875,0.87375,0.868125
661,0.8970588445663452,0.8269230723381042,0.8703286623954773,0.7984898495674133,0.8854166865348816,0.84375,0.8619642853736877,0.8035416674613952,0.8697916865348816,0.875,0.8702083325386047,0.864375
662,0.9903846383094788,0.9166666865348816,0.8769953298568726,0.8038744640350342,0.96875,0.859375,0.8684226179122925,0.8072916674613952,0.9791666865348816,0.984375,0.8766666650772095,0.87125
663,0.8775510191917419,0.8666666746139526,0.8706815552711487,0.804374463558197,0.8854166865348816,0.828125,0.862151358127594,0.7977083349227905,0.8958333134651184,0.921875,0.8679166650772094,0.86375
664,0.8382353186607361,0.6730769276618958,0.87099853515625,0.8058030343055725,0.8541666865348816,0.71875,0.8623596930503845,0.8027083349227905,0.84375,0.84375,0.8643749976158142,0.860625
665,0.925000011920929,0.8392857313156128,0.8698500752449035,0.802828676700592,0.8802083134651184,0.84375,0.8634013605117797,0.8045833349227905,0.890625,0.859375,0.8666666626930237,0.864375
666,0.8061224222183228,0.7833333611488342,0.8729112982749939,0.7961620092391968,0.8489583134651184,0.703125,0.8617346930503845,0.8020833349227905,0.8177083134651184,0.875,0.8649999952316284,0.861875
667,0.9215686321258544,0.7884615659713745,0.8747760462760925,0.797597906589508,0.890625,0.8125,0.8654846930503846,0.8070833349227905,0.8802083134651184,0.890625,0.8660416626930236,0.868125
668,0.9114583134651184,0.875,0.8663076782226562,0.7901153898239136,0.9322916865348816,0.796875,0.8565263605117798,0.7995833349227905,0.921875,0.9375,0.8577083277702332,0.856875
669,0.9411764740943908,0.7884615659713745,0.8674260449409484,0.78402015209198,0.9427083134651184,0.859375,0.855068027973175,0.7945833349227905,0.9375,0.9375,0.8595833277702332,0.85625
670,0.7397959232330322,0.7333333492279053,0.8686106586456299,0.7923534846305847,0.7760416865348816,0.734375,0.8571513605117798,0.7945833349227905,0.7708333134651184,0.78125,0.8595833277702332,0.856875
671,0.9471153616905212,1.0,0.8701792860031128,0.7885073304176331,0.9635416865348816,0.890625,0.8597704076766968,0.7935416674613953,0.9791666865348816,0.984375,0.8602083277702331,0.85875
672,0.6850000023841858,0.5357142686843872,0.8719079780578614,0.7904560494422913,0.6458333134651184,0.609375,0.8614370751380921,0.7966666674613953,0.6458333134651184,0.65625,0.8639583277702332,0.863125
673,0.7704081535339355,0.800000011920929,0.8723001337051391,0.7827637434005738,0.7760416865348816,0.78125,0.8603954100608826,0.7904166674613953,0.8125,0.78125,0.8589583277702332,0.860625
674,0.9803921580314636,0.9038461446762084,0.8726922893524169,0.780456051826477,0.9739583134651184,0.84375,0.8626870751380921,0.7910416674613953,0.9739583134651184,0.96875,0.8618749928474426,0.864375
675,0.765625,0.8125,0.8724886679649353,0.7830201530456543,0.7755101919174194,0.6666666865348816,0.8631037425994873,0.7947916674613953,0.71875,0.703125,0.8622916579246521,0.865
676,0.8679245114326477,0.75,0.8773866271972657,0.7825201535224915,0.8385416865348816,0.796875,0.8670620751380921,0.7985416674613952,0.8125,0.8125,0.8658333253860474,0.8675
677,0.8928571343421936,0.7333333492279053,0.8775110602378845,0.7914304089546204,0.8854166865348816,0.84375,0.869562075138092,0.8060416674613953,0.9270833134651184,0.921875,0.8689583253860473,0.870625
678,0.8979591727256775,0.6833333373069763,0.8765527272224426,0.7941089797019959,0.8177083134651184,0.703125,0.8697704100608825,0.8047916674613953,0.828125,0.828125,0.8697916579246521,0.86875
679,0.8578431606292725,0.7692307829856873,0.8803862619400025,0.7973910307884217,0.859375,0.84375,0.8697704100608825,0.8085416674613952,0.8541666865348816,0.875,0.8714583253860474,0.869375
680,0.7647058963775635,0.6538461446762085,0.8777235174179077,0.7944239974021912,0.734375,0.75,0.8670620775222778,0.8079166674613952,0.7552083134651184,0.6875,0.8693749928474426,0.866875
681,0.8799999952316284,0.7142857313156128,0.8766651844978333,0.7937097120285034,0.8125,0.765625,0.8645620775222779,0.8110416674613953,0.8802083134651184,0.828125,0.8668749928474426,0.8625
682,0.8846153616905212,0.8333333134651184,0.8760181260108948,0.7971712493896485,0.8489583134651184,0.828125,0.8633120775222778,0.8122916674613953,0.8645833134651184,0.875,0.8647916603088379,0.85875
683,0.970588207244873,0.807692289352417,0.883157057762146,0.8003379154205322,0.9583333134651184,0.890625,0.8676870775222778,0.8141666674613952,0.9479166865348816,0.96875,0.8704166603088379,0.86375
684,0.9411764740943908,0.8653846383094788,0.8841185975074768,0.7986712479591369,0.9010416865348816,0.84375,0.8676870775222778,0.8154166674613953,0.9114583134651184,0.90625,0.8691666603088379,0.861875
685,0.8529411554336548,0.6153846383094788,0.8867185974121093,0.8029569625854492,0.8541666865348816,0.703125,0.8700170111656189,0.8163750004768372,0.7552083134651184,0.8125,0.8714583277702331,0.8625
686,0.906862735748291,0.7692307829856873,0.8955101132392883,0.8078800392150879,0.9427083134651184,0.859375,0.878767011165619,0.8245000004768371,0.9427083134651184,0.96875,0.8789583277702332,0.870625
687,0.9852941036224364,0.9807692170143129,0.8855251955986023,0.7942261934280396,0.9791666865348816,0.953125,0.8681420111656188,0.8163750004768372,0.9895833134651184,1.0,0.8660416626930236,0.858125
688,1.0,0.8541666865348816,0.8895940732955933,0.7937261939048768,0.984375,0.921875,0.8700382709503174,0.8222083330154419,0.984375,0.984375,0.871458330154419,0.86375
689,0.8413461446762085,0.8958333134651184,0.8874261116981507,0.7968031167984009,0.9166666865348816,0.90625,0.8696216034889221,0.8247083330154419,0.921875,0.921875,0.8687499976158142,0.864375
690,0.9010416865348816,0.90625,0.8847887492179871,0.7974697828292847,0.8854166865348816,0.8125,0.8685799360275268,0.8203333330154419,0.9114583134651184,0.8125,0.8639583325386048,0.859375
691,0.901960790157318,0.8653846383094788,0.8867870497703553,0.8057614493370057,0.8489583134651184,0.796875,0.8750382709503174,0.8284583330154419,0.859375,0.890625,0.8691666650772095,0.864375
692,0.8550000190734863,0.7142857313156128,0.8826733231544495,0.8014207887649536,0.8229166865348816,0.796875,0.8714966034889221,0.8253333330154419,0.828125,0.828125,0.8635416650772094,0.856875
693,0.8849999904632568,0.8571428656578064,0.8897773957252503,0.8094336104393005,0.8697916865348816,0.875,0.8783716034889221,0.832208333015442,0.859375,0.828125,0.8695833325386048,0.865625
694,0.925000011920929,0.875,0.8911080074310302,0.8155288481712342,0.9114583134651184,0.890625,0.8821216034889221,0.8378333330154419,0.8854166865348816,0.84375,0.8714583325386047,0.869375
695,0.9182692170143129,0.8125,0.8890567255020142,0.8137339782714844,0.8854166865348816,0.78125,0.8810799384117126,0.8359583330154419,0.9114583134651184,0.90625,0.869375,0.87
696,0.9711538553237916,0.9583333134651184,0.8833101201057434,0.8089262866973876,0.9635416865348816,0.921875,0.8758716058731079,0.8259583330154419,0.9479166865348816,0.9375,0.8622916650772094,0.861875
697,0.75,0.6428571343421936,0.8770356106758118,0.8020032095909119,0.704081654548645,0.6333333253860474,0.8702466058731079,0.8215833330154418,0.703125,0.671875,0.855,0.855
698,0.9901960492134094,0.9230769276618958,0.8821016383171082,0.8067211580276489,0.9947916865348816,0.984375,0.8721216058731079,0.8278333330154419,1.0,0.984375,0.8614583349227906,0.858125
699,0.7307692170143127,0.5625,0.8775918340682983,0.8059519267082215,0.7083333134651184,0.640625,0.8662882733345032,0.8247083330154419,0.6510416865348816,0.65625,0.8564583349227906,0.85125
700,0.8673469424247742,0.800000011920929,0.8738943552970886,0.8007211589813232,0.8229166865348816,0.8125,0.8633716058731079,0.8184583330154419,0.8541666865348816,0.84375,0.8514583349227905,0.846875
701,0.813725471496582,0.8269230723381042,0.8634861922264099,0.7958878254890442,0.828125,0.859375,0.8539966058731079,0.8140833330154419,0.7447916865348816,0.828125,0.8422916674613953,0.8375
702,0.8269230723381042,0.75,0.8596282649040222,0.7927211594581604,0.859375,0.734375,0.8489966058731079,0.8097083330154419,0.8072916865348816,0.796875,0.8339583349227905,0.828125
703,0.9479166865348816,0.890625,0.8548110866546631,0.7811378264427185,0.9791666865348816,0.90625,0.8433716058731079,0.8040833330154419,0.9583333134651184,0.953125,0.8279166698455811,0.824375
704,0.7549999952316284,0.6607142686843872,0.8534385371208191,0.7742147493362427,0.7708333134651184,0.765625,0.8431632733345031,0.8059583330154418,0.7135416865348816,0.6875,0.8275000023841858,0.82125
705,0.942307710647583,0.8541666865348816,0.8525718688964844,0.7741048574447632,0.90625,0.921875,0.8429549384117127,0.8084583330154419,0.90625,0.90625,0.825416669845581,0.819375
706,0.9132652878761292,0.8666666746139526,0.8473718690872193,0.7691048574447632,0.90625,0.90625,0.8379549384117126,0.800958333015442,0.9270833134651184,0.921875,0.8179166698455811,0.815625
707,0.8333333134651184,0.7884615659713745,0.8411561822891236,0.759489471912384,0.8229166865348816,0.78125,0.8321216058731079,0.7884583330154419,0.8125,0.890625,0.8131250023841858,0.811875
708,0.8269230723381042,0.6875,0.8408960008621216,0.7623740863800049,0.828125,0.640625,0.8321216058731079,0.7890833330154419,0.7708333134651184,0.765625,0.811041669845581,0.8125
709,0.7843137383460999,0.692307710647583,0.8376498460769654,0.7568978977203369,0.7604166865348816,0.734375,0.8283716058731079,0.7865833330154419,0.7291666865348816,0.734375,0.8089583349227906,0.81125
710,0.9795918464660645,0.7333333492279053,0.8392498469352723,0.7604693269729614,0.9010416865348816,0.859375,0.8310416722297669,0.789375,0.9166666865348816,0.890625,0.8102083349227905,0.813125
711,0.7941176295280457,0.75,0.8339277195930481,0.7535462498664856,0.796875,0.78125,0.8237500047683716,0.775625,0.8177083134651184,0.796875,0.8050000023841858,0.8075
712,0.8928571343421936,0.8500000238418579,0.8401871466636658,0.7648924040794373,0.90625,0.796875,0.8297916722297668,0.780625,0.8645833134651184,0.890625,0.8127083349227905,0.81625
713,0.7397959232330322,0.7333333492279053,0.8422857213020325,0.7628924036026001,0.75,0.8125,0.8318750047683716,0.780625,0.7552083134651184,0.75,0.813125,0.818125
714,0.7448979616165161,0.8166666626930237,0.8447367024421691,0.7635654807090759,0.7916666865348816,0.796875,0.8360416722297669,0.783125,0.7135416865348816,0.6875,0.8191666650772095,0.821875
715,0.7806122303009033,0.6166666746139526,0.8441087579727173,0.7635654807090759,0.7447916865348816,0.671875,0.8341666722297668,0.783125,0.7604166865348816,0.71875,0.8191666650772095,0.820625
716,0.8676470518112183,0.692307710647583,0.8371920895576477,0.7550833368301392,0.84375,0.84375,0.8264583373069763,0.77625,0.8489583134651184,0.8125,0.8104166650772094,0.810625
717,0.8333333134651184,0.7115384340286255,0.8423920893669128,0.7622261953353882,0.8177083134651184,0.859375,0.8297916722297668,0.78,0.7760416865348816,0.78125,0.8156249976158142,0.8175
718,0.7549999952316284,0.7321428656578064,0.8368997812271118,0.7573452425003052,0.7447916865348816,0.6875,0.8243750047683716,0.77375,0.671875,0.734375,0.8112499976158142,0.811875
719,0.7696078419685364,0.6346153616905212,0.8311691689491272,0.7491071462631226,0.765625,0.578125,0.8181250047683716,0.765,0.765625,0.75,0.8041666650772095,0.804375
720,0.911764681339264,0.8846153616905212,0.8353868579864502,0.7522353506088257,0.8854166865348816,0.796875,0.821666669845581,0.770625,0.859375,0.921875,0.8070833325386048,0.805625
721,0.8899999856948853,0.8214285969734192,0.8395099353790283,0.7561639213562011,0.8697916865348816,0.859375,0.8241666698455811,0.779375,0.8958333134651184,0.90625,0.8127083325386047,0.809375
722,0.7900000214576721,0.7321428656578064,0.8416667985916138,0.7600100755691528,0.7708333134651184,0.703125,0.8281250023841857,0.784375,0.734375,0.71875,0.8170833325386048,0.815
723,0.8571428656578064,0.75,0.840483124256134,0.7699624562263488,0.8125,0.640625,0.8314583349227905,0.784375,0.8697916865348816,0.84375,0.8202083325386047,0.819375
724,0.8872548937797546,0.8461538553237915,0.8385143375396729,0.7712957906723023,0.859375,0.765625,0.8295833349227906,0.780625,0.84375,0.875,0.8177083325386048,0.81625
725,0.9198113083839417,0.75,0.8383769750595093,0.7722957897186279,0.875,0.8125,0.8275000023841858,0.78125,0.8645833134651184,0.890625,0.8189583325386047,0.815625
726,0.875,0.84375,0.8450115537643432,0.7765988183021545,0.9322916865348816,0.921875,0.8329166698455811,0.78375,0.8958333134651184,0.921875,0.824375,0.82125
727,0.8112244606018066,0.75,0.84786869764328,0.7719321513175964,0.8125,0.734375,0.8345833349227906,0.78375,0.8072916865348816,0.765625,0.8295833325386047,0.826875
728,0.7749999761581421,0.6785714030265808,0.8509579348564148,0.7826500988006592,0.7864583134651184,0.734375,0.8385416674613952,0.790625,0.7395833134651184,0.703125,0.8362499976158142,0.83375
729,0.8849999904632568,0.8392857313156128,0.8462520527839661,0.7836244559288025,0.8541666865348816,0.859375,0.83625,0.781875,0.84375,0.859375,0.8329166650772095,0.82875
730,0.8050000071525574,0.7321428656578064,0.8508779048919678,0.7878295850753784,0.7708333134651184,0.765625,0.8404166674613953,0.7825,0.796875,0.765625,0.8385416650772095,0.833125
731,0.7699999809265137,0.6607142686843872,0.8575406503677369,0.7931592559814453,0.75,0.6875,0.8477083325386048,0.790625,0.75,0.734375,0.8481249976158142,0.84
732,0.9387755393981934,0.8666666746139526,0.8615563368797302,0.7977746415138245,0.9114583134651184,0.921875,0.8541666650772095,0.80375,0.8854166865348816,0.921875,0.851458330154419,0.845
733,0.9300000071525574,0.7857142686843872,0.8626857495307922,0.7952471709251404,0.890625,0.859375,0.8547916650772095,0.804375,0.9114583134651184,0.859375,0.8522916626930237,0.84375
734,0.8382353186607361,0.7884615659713745,0.8570857501029968,0.7908515644073486,0.859375,0.859375,0.851458330154419,0.798125,0.8385416865348816,0.875,0.8481249976158142,0.83875
735,0.949999988079071,0.9821428656578064,0.8571524167060852,0.7946908497810363,0.984375,0.859375,0.8512499976158142,0.801875,0.9947916865348816,1.0,0.8493749976158143,0.84
736,0.7448979616165161,0.7833333611488342,0.8560039567947387,0.7931523871421814,0.75,0.6875,0.850833330154419,0.805625,0.7552083134651184,0.71875,0.8485416626930237,0.83875
737,0.8894230723381042,0.875,0.8575137615203857,0.7928776621818543,0.8541666865348816,0.8125,0.8531249976158142,0.810625,0.8958333134651184,0.875,0.8510416626930237,0.83875
738,0.9056603908538818,0.8409090638160706,0.853221309185028,0.7928776621818543,0.8854166865348816,0.875,0.850208330154419,0.808125,0.890625,0.890625,0.8481249976158142,0.83625
739,0.8163265585899353,0.699999988079071,0.84998601436615,0.7883584308624267,0.8333333134651184,0.796875,0.8456249952316284,0.80125,0.84375,0.828125,0.8410416650772095,0.83125
740,0.8578431606292725,0.8846153616905212,0.8561370348930359,0.7912155747413635,0.84375,0.84375,0.8502083277702331,0.8075,0.9270833134651184,0.890625,0.8456249976158142,0.8375
741,0.75,0.7166666388511658,0.8587370347976685,0.796929862499237,0.7864583134651184,0.625,0.8539583277702332,0.81375,0.765625,0.6875,0.8522916650772094,0.845625
742,0.9489796161651612,0.8166666626930237,0.8563982605934143,0.7913584327697754,0.921875,0.875,0.8535416603088379,0.81125,0.9166666865348816,0.890625,0.8529166650772094,0.8475
743,0.9215686321258544,0.8653846383094788,0.8601982593536377,0.7942155742645264,0.9270833134651184,0.890625,0.8570833277702331,0.8125,0.9114583134651184,0.90625,0.8579166650772094,0.853125
744,0.8700000047683716,0.75,0.8683982610702514,0.8006441473960877,0.9270833134651184,0.90625,0.8647916603088379,0.819375,0.8489583134651184,0.875,0.8658333325386047,0.861875
745,0.9399999976158142,0.8214285969734192,0.8650472402572632,0.7981203365325927,0.9010416865348816,0.8125,0.8614583277702331,0.814375,0.8802083134651184,0.890625,0.8637499976158142,0.86125
746,0.75,0.7115384340286255,0.8674305725097656,0.8048167657852173,0.7864583134651184,0.703125,0.8654166603088379,0.8175,0.7916666865348816,0.78125,0.8656249976158142,0.86375
747,0.7916666865348816,0.828125,0.8705678272247315,0.8094321489334106,0.765625,0.796875,0.8672916603088379,0.818125,0.765625,0.75,0.867083330154419,0.86375
748,0.8284313678741455,0.7115384340286255,0.8682541012763977,0.8055310487747193,0.8020833134651184,0.734375,0.8616666603088379,0.81625,0.8489583134651184,0.8125,0.8631249952316284,0.856875
749,0.925000011920929,0.8392857313156128,0.8761504912376403,0.8066977143287659,0.9166666865348816,0.890625,0.8693749928474426,0.825625,0.90625,0.875,0.8704166626930236,0.864375
750,0.8125,0.75,0.8760637640953064,0.80477463722229,0.8020833134651184,0.75,0.8716666579246521,0.828125,0.7916666865348816,0.828125,0.8710416626930236,0.865625
751,0.7941176295280457,0.7307692170143127,0.8786608767509461,0.8095998120307922,0.8177083134651184,0.75,0.8758333230018616,0.830625,0.71875,0.796875,0.8743749952316284,0.869375
752,0.9649999737739564,0.8214285969734192,0.8798078155517578,0.8130283832550049,0.9270833134651184,0.890625,0.8781249904632569,0.828125,0.921875,0.921875,0.8706249952316284,0.86625
753,0.8399999737739563,0.8214285969734192,0.8770940899848938,0.8062151980400085,0.8802083134651184,0.890625,0.8777083230018615,0.825625,0.90625,0.90625,0.8672916626930237,0.86375
754,0.8265306353569031,0.699999988079071,0.8783668184280395,0.7975485324859619,0.84375,0.796875,0.8770833230018615,0.828125,0.859375,0.90625,0.8683333301544189,0.87
755,0.8999999761581421,0.8035714030265808,0.8798076343536377,0.8034532952308655,0.859375,0.796875,0.8781249904632569,0.83,0.921875,0.90625,0.8697916626930237,0.87125
756,0.975000023841858,0.8214285969734192,0.8713762617111206,0.7903763723373413,0.9427083134651184,0.859375,0.8689583253860473,0.81875,0.9479166865348816,0.953125,0.855833330154419,0.859375
757,0.8550000190734863,0.8035714030265808,0.8731762623786926,0.7925192284584045,0.828125,0.796875,0.8652083253860474,0.81625,0.8333333134651184,0.90625,0.8554166650772095,0.85875
758,0.9895833134651184,0.953125,0.8671448898315429,0.7850466990470886,0.9895833134651184,0.9375,0.8612074732780457,0.81375,0.9583333134651184,0.921875,0.8514583325386047,0.8525
759,0.9166666865348816,0.9038461446762084,0.8711448907852173,0.7880137324333191,0.90625,0.875,0.8642389369010925,0.815625,0.875,0.875,0.8554166650772095,0.855
760,0.8921568393707275,0.8846153616905212,0.8702625370025635,0.7810425782203674,0.84375,0.8125,0.8656972694396973,0.810625,0.8958333134651184,0.828125,0.8549999976158142,0.854375
761,0.942307710647583,0.8125,0.8671252822875977,0.7819143748283386,0.9427083134651184,0.921875,0.8621556043624878,0.81,0.9375,0.90625,0.8502083325386047,0.849375
762,0.8872548937797546,0.8269230723381042,0.8649329733848572,0.7808429455757141,0.9114583134651184,0.875,0.8594472694396973,0.808125,0.9114583134651184,0.90625,0.848125,0.848125
763,0.970588207244873,0.9615384340286256,0.8683945107460022,0.7841762781143189,0.9895833134651184,0.9375,0.8650722694396973,0.81375,0.9739583134651184,0.984375,0.85375,0.8525
764,0.8450000286102295,0.7857142686843872,0.8734925508499145,0.7910993552207947,0.890625,0.734375,0.8681972694396972,0.8175,0.75,0.75,0.8597916674613952,0.85625
765,0.7900000214576721,0.7142857313156128,0.8723435330390931,0.7928575968742371,0.8333333134651184,0.78125,0.8681972694396972,0.81625,0.84375,0.828125,0.8604166674613952,0.856875
766,0.7818182110786438,0.5,0.8740496563911438,0.793333785533905,0.7708333134651184,0.6875,0.8696556043624878,0.811875,0.7916666865348816,0.84375,0.8591666674613953,0.854375
767,0.9850000143051147,0.9642857313156128,0.8758903908729553,0.7968722486495972,0.9479166865348816,0.921875,0.8708035635948181,0.8126666665077209,0.953125,0.921875,0.860625,0.8525
768,0.7107843160629272,0.5384615659713745,0.8746073722839356,0.7974566650390625,0.6979166865348816,0.609375,0.8718452310562134,0.8126666665077209,0.5625,0.609375,0.8579166674613953,0.853125
769,0.915000021457672,0.8035714030265808,0.8728622722625733,0.7984456753730774,0.8333333134651184,0.84375,0.8683035659790039,0.8107916665077209,0.8385416865348816,0.859375,0.8552083325386047,0.85
770,0.7892156839370728,0.6346153616905212,0.8749888014793396,0.7956361532211303,0.8010203838348389,0.75,0.8705952334403991,0.813916666507721,0.78125,0.734375,0.85875,0.848125
771,0.8500000238418579,0.7857142686843872,0.8689903736114502,0.7884202432632447,0.8622449040412903,0.75,0.8637202334403992,0.809541666507721,0.890625,0.84375,0.8558333349227906,0.8475
772,0.7696078419685364,0.6538461446762085,0.8675160145759583,0.783099730014801,0.8020833134651184,0.671875,0.8626785659790039,0.808291666507721,0.7552083134651184,0.734375,0.8547916674613952,0.84625
773,0.75,0.7333333492279053,0.8657880735397339,0.7758401155471801,0.7135416865348816,0.71875,0.8633035659790039,0.8070416665077209,0.7291666865348816,0.6875,0.8533333349227905,0.84625
774,0.870192289352417,0.8125,0.861364996433258,0.7716734480857849,0.8489583134651184,0.84375,0.8587202334403992,0.8014166665077209,0.8541666865348816,0.84375,0.8500000023841858,0.845
775,0.8990384340286255,0.8333333134651184,0.859992446899414,0.7716734480857849,0.9427083134651184,0.890625,0.8564285683631897,0.799541666507721,0.9322916865348816,0.9375,0.8477083373069764,0.843125
776,0.9215686321258544,0.9038461446762084,0.852933623790741,0.761673448085785,0.8958333134651184,0.84375,0.8501785683631897,0.794541666507721,0.8697916865348816,0.890625,0.8416666722297669,0.834375
777,0.936274528503418,0.8653846383094788,0.854623818397522,0.7633218002319336,0.9270833134651184,0.859375,0.8520535683631897,0.8020416665077209,0.9375,0.9375,0.8475000047683716,0.839375
778,0.8826530575752258,0.8333333134651184,0.8593503475189209,0.7667503714561462,0.9166666865348816,0.78125,0.8553869032859802,0.8057916665077209,0.875,0.84375,0.8520833373069763,0.844375
779,0.8725489974021912,0.7884615659713745,0.8674776196479798,0.784607515335083,0.8724489808082581,0.8166666626930237,0.8628869032859803,0.8126666665077209,0.8958333134651184,0.859375,0.8597916698455811,0.850625
780,0.8679245114326477,0.8181818127632141,0.8536776185035706,0.7653218007087708,0.8854166865348816,0.796875,0.849345235824585,0.800166666507721,0.8541666865348816,0.921875,0.8468750023841858,0.83875
781,0.9313725233078004,0.8461538553237915,0.8593638920783997,0.7760910296440124,0.8541666865348816,0.8125,0.8578869009017944,0.809541666507721,0.8802083134651184,0.875,0.8600000023841858,0.8475
782,0.9081632494926452,0.7333333492279053,0.8604109501838684,0.77933278799057,0.8854166865348816,0.875,0.8620535683631897,0.8076666665077209,0.921875,0.859375,0.8627083349227905,0.850625
783,0.8396226167678833,0.7727272510528564,0.8584341597557068,0.7812815070152282,0.8177083134651184,0.828125,0.8585544204711915,0.8064166665077209,0.8854166865348816,0.90625,0.8604166674613952,0.849375
784,0.879807710647583,0.7708333134651184,0.859905858039856,0.7780347537994384,0.8802083134651184,0.84375,0.8565646243095398,0.8057916665077209,0.8489583134651184,0.84375,0.8610416674613952,0.850625
785,0.8489583134651184,0.703125,0.8672848105430603,0.7892142415046692,0.859375,0.78125,0.8628146243095398,0.8114166665077209,0.859375,0.828125,0.8691666674613953,0.85875
786,0.8317307829856873,0.7083333134651184,0.8728617334365845,0.7932142400741578,0.828125,0.78125,0.8688562893867493,0.814541666507721,0.8541666865348816,0.875,0.875625,0.866875
787,0.8529411554336548,0.8269230723381042,0.8700148272514343,0.7891757774353028,0.8541666865348816,0.828125,0.8682312893867493,0.8126666665077209,0.8541666865348816,0.859375,0.870625,0.86375
788,0.7941176295280457,0.7115384340286255,0.8668532896041871,0.785842444896698,0.8333333134651184,0.8125,0.8642729568481445,0.808916666507721,0.8229166865348816,0.765625,0.866875,0.859375
789,0.8872548937797546,0.8269230723381042,0.8633238768577576,0.7827655220031738,0.9375,0.921875,0.8607312917709351,0.8026666665077209,0.8958333134651184,0.875,0.8654166650772095,0.854375
790,0.9081632494926452,0.800000011920929,0.8618728947639466,0.7814834690093995,0.9166666865348816,0.875,0.8590646266937256,0.8026666665077209,0.9583333134651184,0.953125,0.8641666650772095,0.85375
791,0.9850000143051147,0.9464285969734192,0.8619667720794678,0.7810072803497314,0.9583333134651184,0.859375,0.8580229592323303,0.805166666507721,0.984375,1.0,0.8643749976158142,0.8525
792,0.6399999856948853,0.4821428656578064,0.8595176434516907,0.7758324551582336,0.609375,0.609375,0.8552083325386047,0.799375,0.6302083134651184,0.625,0.8616666650772095,0.85125
793,0.8529411554336548,0.807692289352417,0.858474133014679,0.7777718496322632,0.9114583134651184,0.84375,0.8545833325386047,0.799375,0.890625,0.828125,0.860208330154419,0.84875
794,0.9411764740943908,0.8846153616905212,0.8561171913146972,0.7779256963729858,0.9375,0.796875,0.8545833325386047,0.798125,0.90625,0.9375,0.8593749976158143,0.8475
795,0.7397959232330322,0.6833333373069763,0.847829875946045,0.7724385166168213,0.7135416865348816,0.71875,0.8472916650772094,0.788125,0.7239583134651184,0.703125,0.8522916650772094,0.8425
796,0.8867924809455872,0.7045454382896423,0.8483626174926758,0.7722986578941345,0.8125,0.734375,0.8489583325386048,0.788125,0.90625,0.875,0.8506249976158142,0.838125
797,0.954081654548645,0.9333333373069764,0.8455232501029968,0.7683884024620056,0.9583333134651184,0.8125,0.8472916674613953,0.7825,0.9583333134651184,0.9375,0.8497916650772095,0.8375
798,0.8894230723381042,0.8333333134651184,0.847602653503418,0.7729906749725342,0.8645833134651184,0.796875,0.8489583349227905,0.78375,0.890625,0.890625,0.8508333325386047,0.83875
799,0.7990196347236633,0.7115384340286255,0.8482549905776977,0.7723496508598328,0.8333333134651184,0.796875,0.8500000023841858,0.7825,0.7291666865348816,0.765625,0.8495833325386047,0.838125
800,0.8199999928474426,0.75,0.8510000896453858,0.7754265737533569,0.84375,0.796875,0.8527083349227905,0.7825,0.8385416865348816,0.828125,0.8512499976158142,0.84
801,0.8333333134651184,0.8269230723381042,0.8510721182823181,0.7782983708381653,0.8072916865348816,0.6875,0.8520833349227905,0.784375,0.8333333134651184,0.765625,0.850833330154419,0.840625
802,0.8999999761581421,0.8333333134651184,0.8506799626350403,0.7775291395187378,0.8854166865348816,0.859375,0.8491666674613952,0.77875,0.90625,0.921875,0.8493749976158143,0.84
803,0.8849999904632568,0.8214285969734192,0.8531769609451294,0.7839906764030456,0.890625,0.84375,0.8525,0.7775,0.8802083134651184,0.8125,0.8491666650772095,0.84125
804,0.8113207817077637,0.6590909361839294,0.8475024509429931,0.7761335325241089,0.8020833134651184,0.671875,0.8472916674613953,0.775,0.828125,0.828125,0.8427083325386048,0.834375
805,0.8418367505073547,0.8666666746139526,0.8579024505615235,0.7889906740188599,0.8697916865348816,0.796875,0.8591666674613953,0.785625,0.8177083134651184,0.859375,0.8533333325386048,0.845625
806,0.8724489808082581,0.8500000238418579,0.8607848048210144,0.7938258385658264,0.8541666865348816,0.78125,0.8612500023841858,0.790625,0.859375,0.84375,0.8564583325386047,0.850625
807,0.7009803652763367,0.5961538553237915,0.8605377459526062,0.7948697948455811,0.703125,0.625,0.8612500023841858,0.795625,0.7447916865348816,0.734375,0.856875,0.850625
808,0.8529411554336548,0.7692307829856873,0.8605459094047546,0.7932507467269897,0.859375,0.828125,0.8612500023841858,0.79375,0.84375,0.796875,0.85625,0.851875
809,0.8088235259056091,0.6730769276618958,0.8578742098808289,0.7950689291954041,0.8385416865348816,0.703125,0.8631250023841858,0.794375,0.828125,0.828125,0.855,0.849375
810,0.900943398475647,0.8181818127632141,0.8555932974815369,0.7908125185966491,0.9010416865348816,0.8125,0.8612500023841858,0.79875,0.8854166865348816,0.859375,0.853125,0.846875
811,0.8480392098426819,0.692307710647583,0.8562163734436035,0.7939077568054199,0.8541666865348816,0.75,0.8631250023841858,0.800625,0.8229166865348816,0.859375,0.8516666674613953,0.845625
812,0.9215686321258544,0.9038461446762084,0.8604555869102478,0.7990176486968994,0.921875,0.828125,0.8662500023841858,0.8025,0.8958333134651184,0.90625,0.85875,0.853125
813,0.795918345451355,0.7833333611488342,0.8649104881286621,0.8036330342292786,0.8177083134651184,0.859375,0.868541669845581,0.80625,0.8125,0.78125,0.86125,0.854375
814,0.8774510025978088,0.807692289352417,0.8638688230514526,0.8024311113357544,0.8645833134651184,0.78125,0.8687500023841858,0.80875,0.859375,0.859375,0.8608333349227906,0.85625
815,0.970588207244873,0.9615384340286256,0.8618688249588012,0.7998120641708374,1.0,0.84375,0.8672916674613953,0.8075,0.953125,0.984375,0.8587500023841858,0.853125
816,0.843137264251709,0.75,0.864668824672699,0.8033834910392761,0.828125,0.796875,0.8704166674613952,0.81125,0.8229166865348816,0.828125,0.8610416698455811,0.8575
817,0.8999999761581421,0.8035714030265808,0.8703641414642334,0.8060198545455932,0.90625,0.875,0.8750000023841857,0.81875,0.8958333134651184,0.90625,0.8647916698455811,0.861875
818,0.925000011920929,0.9285714030265808,0.864399003982544,0.7963531875610351,0.9635416865348816,0.96875,0.8675000023841858,0.811875,0.96875,0.953125,0.857916669845581,0.85125
819,0.9350000023841858,0.9107142686843872,0.8661677122116089,0.7953531861305236,0.9375,0.921875,0.8687500023841858,0.811875,0.9166666865348816,0.9375,0.8595833373069763,0.8525
820,0.7400000095367432,0.6428571343421936,0.8685451650619507,0.802757031917572,0.7135416865348816,0.671875,0.8693750023841857,0.81625,0.7083333134651184,0.734375,0.857916669845581,0.85125
821,0.8199999928474426,0.75,0.8732954430580139,0.8101696181297302,0.859375,0.75,0.8727083349227905,0.820625,0.875,0.8125,0.8633333373069764,0.8575
822,0.8970588445663452,0.8269230723381042,0.8756594824790954,0.8150647234916687,0.9114583134651184,0.921875,0.875,0.826875,0.9114583134651184,0.875,0.8658333373069763,0.858125
823,0.9049999713897704,0.9107142686843872,0.867580931186676,0.8030041170120239,0.9114583134651184,0.84375,0.8679166650772094,0.821875,0.8541666865348816,0.859375,0.8591666698455811,0.85125
824,0.9049999713897704,0.8392857313156128,0.8694285941123963,0.8036451411247253,0.9114583134651184,0.84375,0.8699999976158143,0.825,0.90625,0.953125,0.8614583349227906,0.850625
825,0.9313725233078004,0.8653846383094788,0.8675658488273621,0.7941579627990722,0.9010416865348816,0.890625,0.8695833301544189,0.825,0.9010416865348816,0.859375,0.8608333349227906,0.85
826,0.8072916865348816,0.796875,0.8720752692222595,0.7961579608917236,0.8125,0.75,0.871458330154419,0.825,0.8229166865348816,0.8125,0.8622916674613953,0.854375
827,0.8500000238418579,0.7678571343421936,0.873900306224823,0.7980169367790222,0.8489583134651184,0.828125,0.8739583301544189,0.82875,0.8541666865348816,0.84375,0.8639583349227905,0.8575
828,0.9549999833106996,0.9107142686843872,0.8648726963996887,0.7868887329101563,0.96875,0.9375,0.8649999976158143,0.825625,0.9375,0.921875,0.8581250023841858,0.85
829,0.9537037014961244,0.7250000238418579,0.8613512873649597,0.7868887329101563,0.9166666865348816,0.859375,0.8616666650772095,0.82375,0.921875,0.9375,0.8556250023841858,0.84875
830,0.6927083134651184,0.625,0.8615051341056824,0.779745876789093,0.6822916865348816,0.625,0.8614583325386047,0.823125,0.6458333134651184,0.59375,0.8570833373069763,0.849375
831,0.9166666865348816,0.824999988079071,0.8538801336288452,0.7726030206680298,0.8854166865348816,0.78125,0.8554166650772095,0.81625,0.9010416865348816,0.875,0.8508333373069763,0.843125
832,0.7604166865348816,0.78125,0.8522801327705384,0.7676030206680298,0.71875,0.734375,0.8543749976158143,0.815625,0.703125,0.703125,0.851041669845581,0.843125
833,0.9716981053352356,0.9545454382896424,0.8567977786064148,0.7680425810813903,0.9427083134651184,0.9375,0.8587499976158142,0.821875,0.9791666865348816,0.953125,0.856666669845581,0.846875
834,0.8679245114326477,0.7954545617103577,0.8593977785110474,0.7723282957077027,0.8958333134651184,0.859375,0.8587499976158142,0.825,0.890625,0.84375,0.8575000023841858,0.849375
835,0.6989796161651611,0.5166666507720947,0.8594337916374206,0.7712513732910157,0.7239583134651184,0.6875,0.8558333325386047,0.823125,0.71875,0.6875,0.8552083373069763,0.84875
836,0.8942307829856873,0.7083333134651184,0.8598337936401367,0.7683942317962646,0.90625,0.828125,0.8539583325386048,0.82125,0.8802083134651184,0.84375,0.856666669845581,0.85
837,0.875,0.6666666865348816,0.8591239905357361,0.7686689567565917,0.9114583134651184,0.828125,0.8539583325386048,0.821875,0.8802083134651184,0.890625,0.8562500023841858,0.8475
838,0.9086538553237916,0.8333333134651184,0.8524690890312194,0.7633392858505249,0.8645833134651184,0.859375,0.8512499976158142,0.816875,0.8489583134651184,0.890625,0.8502083349227906,0.844375
839,0.9230769276618958,0.8541666865348816,0.8546672177314758,0.7641309523582458,0.9270833134651184,0.875,0.852083330154419,0.8175,0.9010416865348816,0.9375,0.851875,0.846875
840,0.7448979616165161,0.6833333373069763,0.8606672167778016,0.7703397440910339,0.7760416865348816,0.765625,0.8568749976158142,0.823125,0.8072916865348816,0.796875,0.8564583325386047,0.851875
841,0.7551020383834839,0.75,0.8544672179222107,0.762482602596283,0.7447916865348816,0.75,0.850833330154419,0.811875,0.7604166865348816,0.796875,0.8510416650772095,0.846875
842,0.9038461446762084,0.625,0.8453190708160401,0.7591968870162964,0.9010416865348816,0.859375,0.8420833301544189,0.803125,0.9322916865348816,0.921875,0.8427083325386048,0.84
843,0.734375,0.75,0.8476107382774353,0.7613397431373596,0.8125,0.796875,0.8443749952316284,0.8075,0.8125,0.796875,0.846875,0.845625
844,0.8949999809265137,0.7857142686843872,0.8484912395477295,0.7601579260826111,0.9114583134651184,0.90625,0.8458333277702331,0.8125,0.921875,0.9375,0.8470833325386047,0.8475
845,0.8529411554336548,0.6538461446762085,0.8501899576187134,0.7547412586212158,0.8229166865348816,0.828125,0.8487499952316284,0.814375,0.8489583134651184,0.828125,0.8502083325386047,0.85125
846,0.8849999904632568,0.8571428656578064,0.851125955581665,0.7504055953025818,0.859375,0.828125,0.850833330154419,0.81625,0.8958333134651184,0.875,0.8508333325386047,0.853125
847,0.8979591727256775,0.800000011920929,0.8462166666984559,0.7469207453727722,0.8385416865348816,0.875,0.8456249976158142,0.8125,0.8541666865348816,0.859375,0.84625,0.850625
848,0.915000021457672,0.8392857313156128,0.8546036362648011,0.7595874118804932,0.8645833134651184,0.796875,0.8527083325386048,0.820625,0.890625,0.890625,0.854375,0.858125
849,0.8872548937797546,0.8461538553237915,0.8509177374839783,0.7643790793418884,0.9114583134651184,0.859375,0.8470833325386047,0.81875,0.8958333134651184,0.890625,0.8510416674613953,0.856875
850,0.7649999856948853,0.7321428656578064,0.8502314639091492,0.7700201034545898,0.8333333134651184,0.765625,0.8445833325386047,0.81875,0.75,0.78125,0.8510416674613953,0.85625
851,0.8622449040412903,0.8166666626930237,0.8458853101730347,0.7624010562896728,0.8333333134651184,0.765625,0.839375,0.81375,0.8645833134651184,0.875,0.8470833349227905,0.85
852,1.0,0.9230769276618958,0.8457622337341308,0.7632343888282775,0.96875,0.96875,0.838125,0.81375,0.96875,0.96875,0.8470833349227905,0.849375
853,0.800000011920929,0.7142857313156128,0.8539663147926331,0.7701867699623108,0.8177083134651184,0.65625,0.8427083325386048,0.820625,0.8020833134651184,0.796875,0.8516666674613953,0.854375
854,0.7250000238418579,0.6428571343421936,0.8585622334480285,0.7723296260833741,0.6979166865348816,0.640625,0.8466666650772094,0.824375,0.7135416865348816,0.765625,0.8560416674613953,0.85625
855,0.75,0.6785714030265808,0.8597000551223755,0.782329626083374,0.7395833134651184,0.734375,0.8468749976158142,0.823125,0.75,0.734375,0.855,0.855
856,0.9386792182922364,0.7954545617103577,0.8634019780158997,0.782329626083374,0.921875,0.90625,0.8477083301544189,0.8225,0.90625,0.921875,0.854375,0.855
857,0.8028846383094788,0.6458333134651184,0.8636436462402344,0.7796510553359985,0.7916666865348816,0.78125,0.8456249976158142,0.818125,0.78125,0.796875,0.853125,0.85125
858,0.9950980544090272,0.8461538553237915,0.8647259998321534,0.7877829241752624,0.9947916865348816,0.984375,0.8490348601341248,0.8183333325386047,0.9947916865348816,1.0,0.855,0.85375
859,0.745192289352417,0.7083333134651184,0.8630514907836914,0.7850356721878051,0.765625,0.765625,0.8509098601341247,0.8189583325386047,0.7760416865348816,0.78125,0.854375,0.85375
860,0.9086538553237916,0.8333333134651184,0.8565081238746644,0.783035671710968,0.9010416865348816,0.890625,0.8475765252113342,0.8077083325386047,0.921875,0.875,0.8479166650772094,0.849375
861,0.8020833134651184,0.828125,0.8506924366950989,0.7763873195648193,0.765625,0.78125,0.8423681926727294,0.8039583325386047,0.796875,0.8125,0.8412499976158142,0.84375
862,0.8578431606292725,0.807692289352417,0.8536336135864258,0.7810027027130126,0.8489583134651184,0.828125,0.8436181926727295,0.8077083325386047,0.8802083134651184,0.875,0.8422916650772094,0.84625
863,0.800000011920929,0.6428571343421936,0.8584336137771607,0.7838598442077637,0.734375,0.734375,0.8445705747604371,0.8104166650772094,0.75,0.734375,0.8452083325386047,0.85
864,0.9200000166893004,0.875,0.8612354850769043,0.7880681777000427,0.8958333134651184,0.875,0.8481122422218322,0.8135416650772095,0.9010416865348816,0.921875,0.84875,0.853125
865,0.949999988079071,0.8571428656578064,0.8542967104911804,0.783145101070404,0.890625,0.9375,0.8454039096832275,0.8079166650772095,0.921875,0.921875,0.8427083325386048,0.848125
866,0.8700000047683716,0.8035714030265808,0.8534731817245483,0.7807275176048278,0.84375,0.84375,0.8447789096832276,0.8129166650772095,0.8697916865348816,0.84375,0.8375,0.84125
867,0.9322916865348816,0.875,0.8561058330535889,0.7823465657234192,0.90625,0.828125,0.8479039096832275,0.8179166650772095,0.90625,0.890625,0.8397916650772095,0.84125
868,0.8269230723381042,0.75,0.8623058319091796,0.7844894242286682,0.8333333134651184,0.78125,0.8541539096832276,0.8241666650772095,0.796875,0.796875,0.8462499976158142,0.84875
869,0.9010416865348816,0.71875,0.8573586630821228,0.7826712417602539,0.859375,0.796875,0.8495705771446228,0.8197916650772095,0.890625,0.84375,0.8404166650772095,0.8425
870,0.8799999952316284,0.8571428656578064,0.8629791259765625,0.7941106367111206,0.9081632494926452,0.8333333134651184,0.8549872422218323,0.8222916650772095,0.8958333134651184,0.890625,0.8479166650772094,0.848125
871,0.843137264251709,0.7884615659713745,0.8597752046585083,0.7909787678718567,0.90625,0.84375,0.8518622422218323,0.8197916650772095,0.8802083134651184,0.875,0.8454166650772095,0.84375
872,0.734375,0.75,0.8642812395095825,0.7918762040138244,0.7552083134651184,0.59375,0.8542984676361084,0.8191666650772095,0.6927083134651184,0.75,0.8504166650772095,0.84625
873,0.7696078419685364,0.6730769276618958,0.8597350859642029,0.7864000153541565,0.734375,0.703125,0.8467984676361084,0.8097916650772095,0.7239583134651184,0.75,0.8441666650772095,0.843125
874,0.9607843160629272,0.9615384340286256,0.8610517525672913,0.7825607299804688,0.9427083134651184,0.953125,0.8492984676361084,0.8091666650772095,0.921875,0.953125,0.8458333325386047,0.84375
875,0.8849999904632568,0.8035714030265808,0.8620210456848144,0.7811621284484863,0.8571428656578064,0.8333333134651184,0.8517984676361084,0.8085416650772095,0.8229166865348816,0.875,0.8460416674613953,0.8425
876,0.9322916865348816,0.921875,0.8604377126693725,0.7866978430747986,0.921875,0.84375,0.8520068001747131,0.8072916650772095,0.953125,0.953125,0.844375,0.84125
877,0.8265306353569031,0.800000011920929,0.8575152635574341,0.7836978435516357,0.9010416865348816,0.828125,0.8503401350975036,0.8054166650772094,0.8177083134651184,0.84375,0.8427083325386048,0.83875
878,0.779411792755127,0.6538461446762085,0.8522930407524109,0.7744121289253235,0.8020833134651184,0.78125,0.8476318025588989,0.8004166650772094,0.671875,0.625,0.8395833325386047,0.83375
879,0.7908163070678711,0.6833333373069763,0.8508263731002808,0.7722692728042603,0.7760416865348816,0.765625,0.8478401350975037,0.7985416650772095,0.7708333134651184,0.765625,0.8379166650772095,0.835
880,0.9049999713897704,0.7321428656578064,0.8468680381774902,0.7626538872718811,0.8958333134651184,0.890625,0.8422151350975037,0.7972916650772095,0.9114583134651184,0.921875,0.8343749976158142,0.8325
881,0.8149999976158142,0.75,0.8445911145210266,0.7590824580192566,0.8072916865348816,0.796875,0.8405484700202942,0.7960416650772095,0.7604166865348816,0.765625,0.8331249976158142,0.830625
882,0.9433962106704712,0.931818187236786,0.843039243221283,0.7596657919883728,0.9270833134651184,0.84375,0.8376318025588989,0.7941666650772095,0.96875,0.9375,0.8299999976158142,0.8275
883,0.915000021457672,0.7678571343421936,0.8404392433166504,0.7525229334831238,0.9166666865348816,0.921875,0.8325552725791932,0.7914583325386048,0.9322916865348816,0.890625,0.8254166650772095,0.823125
884,0.8578431606292725,0.7307692170143127,0.8422239565849304,0.7529844713211059,0.8265306353569031,0.75,0.8319302725791932,0.7927083325386047,0.9010416865348816,0.84375,0.8239583325386047,0.821875
885,0.7950000166893005,0.6964285969734192,0.8436332702636719,0.7499075484275818,0.7135416865348816,0.65625,0.8333886075019836,0.7970833325386047,0.765625,0.796875,0.8279166674613953,0.821875
886,0.8349999785423279,0.7321428656578064,0.8469666028022766,0.754522933959961,0.828125,0.765625,0.8383886075019836,0.8039583325386047,0.8385416865348816,0.828125,0.8314583349227905,0.823125
887,0.8820754885673523,0.7727272510528564,0.845935230255127,0.7467756819725037,0.9114583134651184,0.8125,0.8381802749633789,0.8027083325386047,0.8854166865348816,0.84375,0.8314583349227905,0.820625
888,0.7604166865348816,0.78125,0.8489967679977417,0.7496328258514404,0.7395833134651184,0.703125,0.8420195603370666,0.80875,0.7083333134651184,0.703125,0.8375,0.8225
889,0.8469387888908386,0.800000011920929,0.8443974089622498,0.7410911583900451,0.8541666865348816,0.828125,0.8388945603370667,0.80875,0.859375,0.859375,0.83375,0.81875
890,0.8194444179534912,0.625,0.8401361846923828,0.7362340140342712,0.8229166865348816,0.8125,0.8291028928756714,0.8,0.84375,0.796875,0.82875,0.81375
891,0.8333333134651184,0.75,0.8450381445884705,0.743157091140747,0.8489583134651184,0.796875,0.8338945603370667,0.80375,0.828125,0.875,0.8370833325386048,0.825
892,0.8333333134651184,0.6346153616905212,0.8498205876350403,0.7494601202011109,0.765625,0.796875,0.8391028928756714,0.806875,0.8177083134651184,0.828125,0.843125,0.831875
893,0.7699999809265137,0.6607142686843872,0.8465052032470703,0.7493410730361938,0.7916666865348816,0.75,0.8357695603370666,0.805,0.765625,0.75,0.839375,0.826875
894,0.8622449040412903,0.7333333492279053,0.8454738306999207,0.7485718417167664,0.7864583134651184,0.75,0.8359778928756714,0.805,0.8125,0.765625,0.840625,0.82875
895,0.8149999976158142,0.6785714030265808,0.8475493025779725,0.7512991142272949,0.78125,0.765625,0.8386862277984619,0.81125,0.78125,0.78125,0.84125,0.83
896,0.8877550959587097,0.800000011920929,0.8376159691810607,0.7444309830665589,0.890625,0.875,0.8284778928756714,0.799375,0.84375,0.84375,0.8314583325386047,0.82125
897,0.7696078419685364,0.6730769276618958,0.8409945511817932,0.7443668818473816,0.7916666865348816,0.703125,0.833125,0.805,0.7916666865348816,0.75,0.8304166650772095,0.823125
898,0.8529411554336548,0.7884615659713745,0.8439862179756165,0.7502597379684448,0.859375,0.875,0.838125,0.81,0.8125,0.78125,0.8327083325386048,0.824375
899,0.9350000023841858,0.7678571343421936,0.8459862184524536,0.7559740233421326,0.9375,0.921875,0.8408333325386047,0.81375,0.921875,0.890625,0.8352083325386047,0.825
900,0.9615384340286256,0.875,0.8427865314483642,0.7531899333000183,0.953125,0.984375,0.8358333325386047,0.81125,0.9739583134651184,0.921875,0.8304166650772095,0.820625
901,0.817307710647583,0.7083333134651184,0.8439698648452759,0.7533685040473937,0.84375,0.84375,0.836875,0.813125,0.859375,0.859375,0.8329166650772095,0.823125
902,0.7200000286102295,0.6785714030265808,0.8475923132896424,0.758035171031952,0.65625,0.609375,0.83875,0.816875,0.6927083134651184,0.71875,0.8366666650772094,0.826875
903,0.901960790157318,0.8269230723381042,0.8446104550361633,0.7617018365859985,0.921875,0.875,0.8358333325386047,0.813125,0.8802083134651184,0.90625,0.8316666650772094,0.824375
904,0.9103773832321168,0.8409090638160706,0.8353947687149048,0.7532402992248535,0.90625,0.84375,0.825625,0.805,0.921875,0.9375,0.8233333325386047,0.814375
905,0.8221153616905212,0.7291666865348816,0.8373675584793091,0.7625223517417907,0.8125,0.84375,0.8279166674613953,0.808125,0.8177083134651184,0.796875,0.8247916674613953,0.815
906,0.7892156839370728,0.7307692170143127,0.8340185403823852,0.7614783954620361,0.8125,0.796875,0.8247916674613953,0.8075,0.7916666865348816,0.8125,0.8229166674613952,0.815
907,0.9952830076217652,1.0,0.8327287435531616,0.7642879176139832,0.9947916865348816,1.0,0.8262500023841858,0.81,0.984375,0.96875,0.8245833349227906,0.81625
908,0.6666666865348816,0.5961538553237915,0.8293287444114685,0.7628593468666076,0.6614583134651184,0.625,0.824791669845581,0.808125,0.6875,0.671875,0.8241666674613952,0.815
909,0.942307710647583,0.7291666865348816,0.823618540763855,0.759430775642395,0.9427083134651184,0.890625,0.8220833373069764,0.804375,0.875,0.890625,0.82125,0.8125
910,0.8697916865348816,0.84375,0.8288719630241395,0.7634167885780334,0.8385416865348816,0.78125,0.8268750023841858,0.813125,0.8229166865348816,0.828125,0.8264583325386048,0.818125
911,0.8849999904632568,0.875,0.8322052979469299,0.7688014030456543,0.8958333134651184,0.859375,0.8302083349227906,0.81375,0.9010416865348816,0.84375,0.8316666650772094,0.82625
912,0.8020833134651184,0.703125,0.8306052970886231,0.7680871176719666,0.7864583134651184,0.75,0.8268750023841858,0.811875,0.765625,0.734375,0.8293749976158142,0.828125
913,0.7900000214576721,0.7857142686843872,0.8217516016960144,0.7577025032043457,0.765625,0.75,0.8181250023841858,0.80125,0.7708333134651184,0.765625,0.8199999976158142,0.82125
914,0.9375,0.9166666865348816,0.8258592939376831,0.7622263145446777,0.9010416865348816,0.921875,0.8191666698455811,0.80125,0.953125,0.953125,0.8210416650772094,0.82125
915,0.7448979616165161,0.7166666388511658,0.8301205182075501,0.7657501244544983,0.75,0.71875,0.8245833373069763,0.810625,0.71875,0.734375,0.8247916650772095,0.825
916,0.6029411554336548,0.5384615659713745,0.8291401267051697,0.7626732015609741,0.59375,0.59375,0.821666669845581,0.811875,0.6197916865348816,0.625,0.824375,0.821875
917,0.8826530575752258,0.8666666746139526,0.8300327229499816,0.7640368390083313,0.8229166865348816,0.875,0.8229166698455811,0.815,0.8541666865348816,0.84375,0.8245833325386047,0.821875
918,0.686274528503418,0.6346153616905212,0.8339481091499329,0.7691558861732483,0.7135416865348816,0.734375,0.8264583373069763,0.811875,0.71875,0.75,0.8285416674613952,0.825
919,0.8299999833106995,0.8035714030265808,0.8383410191535949,0.7724251174926757,0.8229166865348816,0.8125,0.8287500047683716,0.815,0.8541666865348816,0.796875,0.8320833325386048,0.829375
920,0.7300000190734863,0.6428571343421936,0.8313868427276612,0.7664251184463501,0.7447916865348816,0.71875,0.8256930303573609,0.8083333325386047,0.7708333134651184,0.75,0.828125,0.825625
921,0.7450000047683716,0.7142857313156128,0.8407986068725586,0.7756558871269226,0.8229166865348816,0.78125,0.8342346978187561,0.8195833325386047,0.7708333134651184,0.78125,0.8333333325386048,0.831875
922,0.900943398475647,0.7727272510528564,0.8389062976837158,0.7822035050392151,0.9114583134651184,0.921875,0.8334013652801514,0.8214583325386048,0.921875,0.890625,0.8358333325386047,0.83375
923,0.936274528503418,0.9230769276618958,0.8396248340606689,0.783786838054657,0.9427083134651184,0.890625,0.8350680303573609,0.8245833325386047,0.9427083134651184,0.984375,0.8389583325386047,0.83625
924,0.8949999809265137,0.75,0.837141501903534,0.7806618380546569,0.8541666865348816,0.875,0.8309013652801513,0.8208333325386047,0.8645833134651184,0.9375,0.8349999976158142,0.833125
925,0.7401960492134094,0.6153846383094788,0.832609190940857,0.779870171546936,0.734375,0.71875,0.824953236579895,0.8134999990463256,0.7395833134651184,0.75,0.8333333301544189,0.83375
926,0.9200000166893004,0.8214285969734192,0.8358168816566467,0.7784416007995606,0.8697916865348816,0.84375,0.8270365691184998,0.8153749990463257,0.8854166865348816,0.859375,0.8366666650772094,0.83875
927,0.8265306353569031,0.7666666507720947,0.8285209631919861,0.7737749338150024,0.7916666865348816,0.84375,0.8234949016571045,0.8109999990463257,0.7864583134651184,0.8125,0.8289583325386047,0.82875
928,0.8774510025978088,0.75,0.835455813407898,0.7767749357223511,0.8489583134651184,0.90625,0.8303699016571044,0.8178749990463257,0.8697916865348816,0.828125,0.8370833325386048,0.836875
929,0.932692289352417,0.875,0.8377964997291565,0.7814864730834961,0.9375,0.921875,0.8332865691184997,0.8234999990463256,0.9270833134651184,0.9375,0.8402083325386047,0.839375
930,0.9200000166893004,0.8571428656578064,0.8379805731773377,0.7775890374183655,0.9010416865348816,0.765625,0.8357865691184998,0.8222499990463257,0.9166666865348816,0.875,0.8412499976158142,0.840625
931,0.8990384340286255,0.8125,0.8417295908927918,0.7814901375770569,0.8697916865348816,0.875,0.8393282341957092,0.8228749990463257,0.8802083134651184,0.921875,0.8441666650772095,0.843125
932,0.8214285969734192,0.8500000238418579,0.8449879240989685,0.7837222814559937,0.918367326259613,0.8333333134651184,0.8428698992729187,0.8241249990463256,0.8854166865348816,0.875,0.8462499976158142,0.848125
933,0.901960790157318,0.8269230723381042,0.8481408643722534,0.7833926105499267,0.875,0.90625,0.8453698992729187,0.8291249990463256,0.8177083134651184,0.828125,0.8487499976158142,0.849375
934,0.8949999809265137,0.8928571343421936,0.8552796387672424,0.785487847328186,0.921875,0.9375,0.8482865643501282,0.8328749990463257,0.9375,0.9375,0.8543749976158143,0.855625
935,0.8877550959587097,0.8833333253860474,0.8562230348587037,0.7863969397544861,0.8802083134651184,0.859375,0.8484948992729187,0.8316249990463257,0.9010416865348816,0.890625,0.8541666650772095,0.85625
936,0.8229166865348816,0.796875,0.854262249469757,0.7856277084350586,0.7916666865348816,0.765625,0.8462032341957092,0.8316249990463257,0.8020833134651184,0.765625,0.8533333325386048,0.85125
937,0.6887755393981934,0.6833333373069763,0.8544999861717224,0.787445890903473,0.6377550959587097,0.5666666626930237,0.8477508521080017,0.8332916665077209,0.7239583134651184,0.75,0.854375,0.848125
938,0.870192289352417,0.75,0.8534338116645813,0.7903305053710937,0.8177083134651184,0.796875,0.8483758521080017,0.8339166665077209,0.8541666865348816,0.890625,0.854375,0.84625
939,0.7551020383834839,0.800000011920929,0.8538338112831115,0.7939019322395324,0.8125,0.8125,0.8504591846466064,0.8339166665077209,0.7604166865348816,0.703125,0.8552083325386047,0.8475
940,0.9182692170143129,0.7916666865348816,0.8481725859642029,0.7882352662086487,0.921875,0.890625,0.8454591846466064,0.823916666507721,0.921875,0.9375,0.850625,0.8425
941,0.6614583134651184,0.65625,0.8469961142539978,0.7882352662086487,0.6666666865348816,0.734375,0.8444175195693969,0.820166666507721,0.6979166865348816,0.6875,0.84875,0.840625
942,0.8872548937797546,0.7692307829856873,0.8471884226799011,0.7907352662086486,0.8854166865348816,0.84375,0.8442091870307923,0.820166666507721,0.8802083134651184,0.875,0.8489583349227905,0.84
943,0.7799999713897705,0.7321428656578064,0.8443099904060364,0.7849110889434815,0.8020833134651184,0.75,0.8404591870307923,0.818916666507721,0.7916666865348816,0.8125,0.845625,0.838125
944,0.9114583134651184,0.859375,0.8450151205062866,0.7874110889434814,0.9114583134651184,0.84375,0.8429591870307922,0.820166666507721,0.90625,0.921875,0.8466666674613953,0.84
945,0.8088235259056091,0.6346153616905212,0.8465579771995544,0.7805539441108703,0.8072916865348816,0.84375,0.839141161441803,0.8187083339691162,0.8333333134651184,0.78125,0.8458333325386047,0.84
946,0.9234693646430968,0.7666666507720947,0.8434795451164245,0.7746198773384094,0.8958333134651184,0.875,0.8364328289031983,0.8124583339691163,0.9114583134651184,0.9375,0.8460416674613953,0.83875
947,0.9245283007621764,0.7954545617103577,0.8405962133407593,0.7707805919647217,0.9166666865348816,0.890625,0.832266161441803,0.8080833339691162,0.9166666865348816,0.90625,0.8429166674613953,0.833125
948,0.8872548937797546,0.9038461446762084,0.8386860084533692,0.762590115070343,0.8854166865348816,0.890625,0.827891161441803,0.8055833339691162,0.921875,0.859375,0.8379166674613953,0.82875
949,0.900943398475647,0.7954545617103577,0.8392387294769287,0.7607151150703431,0.8928571343421936,0.9166666865348816,0.8301828265190124,0.8074583339691163,0.890625,0.859375,0.8391666674613952,0.830625
950,0.7135416865348816,0.6875,0.8404632186889649,0.7600484490394592,0.75,0.734375,0.833422622680664,0.8147916674613953,0.7395833134651184,0.703125,0.8385416674613952,0.82875
951,0.9300000071525574,0.9107142686843872,0.8346351194381714,0.7567151165008545,0.921875,0.84375,0.8300892901420593,0.8116666674613953,0.90625,0.890625,0.8320833325386048,0.82125
952,0.6850000023841858,0.625,0.8369310379028321,0.7578401160240174,0.6666666865348816,0.59375,0.8319642901420593,0.8141666674613952,0.671875,0.6875,0.8366666650772094,0.82875
953,0.8480392098426819,0.75,0.8346002697944641,0.7576020193099976,0.8229166865348816,0.8125,0.8307142901420593,0.8160416674613953,0.8229166865348816,0.78125,0.8343749976158142,0.826875
954,0.9375,0.9375,0.8416113257408142,0.7626853537559509,0.9322916865348816,0.921875,0.8388392901420594,0.8197916674613953,0.9322916865348816,0.921875,0.840833330154419,0.83375
955,0.8480392098426819,0.7115384340286255,0.844321129322052,0.7697732663154602,0.8072916865348816,0.734375,0.8419642901420593,0.8247916674613953,0.8333333134651184,0.828125,0.8433333301544189,0.835
956,0.9166666865348816,0.875,0.8456701493263244,0.7635644745826721,0.9322916865348816,0.90625,0.8411309576034546,0.8254166674613953,0.90625,0.96875,0.8437499952316284,0.834375
957,0.8600000143051147,0.6785714030265808,0.8448980903625488,0.7638048601150512,0.8229166865348816,0.796875,0.8415476250648498,0.8285416674613952,0.8645833134651184,0.875,0.8435416626930237,0.8325
958,0.824999988079071,0.6785714030265808,0.8511725997924805,0.7745740914344788,0.8072916865348816,0.75,0.8475892901420593,0.8316666674613953,0.8229166865348816,0.796875,0.8481249976158142,0.83875
959,0.8229166865348816,0.796875,0.8494338250160217,0.7774788546562195,0.8177083134651184,0.828125,0.8467559576034546,0.8291666674613952,0.859375,0.796875,0.8466666650772094,0.83625
960,0.8399999737739563,0.6785714030265808,0.8471696734428406,0.7720243096351623,0.7708333134651184,0.796875,0.842797622680664,0.8266666674613953,0.7760416865348816,0.78125,0.8441666650772095,0.83375
961,0.8367347121238708,0.75,0.8485422229766846,0.7720243096351623,0.8489583134651184,0.8125,0.8438392877578735,0.8266666674613953,0.8333333134651184,0.8125,0.8427083325386048,0.83375
962,0.7193877696990967,0.6666666865348816,0.8405437016487122,0.761744589805603,0.71875,0.75,0.836041669845581,0.815625,0.7083333134651184,0.703125,0.8360416650772095,0.8275
963,0.7244898080825806,0.6666666865348816,0.8464251112937927,0.7634112572669983,0.734375,0.71875,0.8391666698455811,0.81875,0.6927083134651184,0.703125,0.8410416650772095,0.83625
964,0.8125,0.828125,0.8473383188247681,0.7651645040512085,0.859375,0.875,0.840416669845581,0.8225,0.875,0.890625,0.8424999976158142,0.83875
965,0.8600000143051147,0.7857142686843872,0.8558206725120544,0.769395272731781,0.890625,0.9375,0.8500000023841858,0.834375,0.8645833134651184,0.890625,0.8497916650772095,0.84625
966,0.8367347121238708,0.7833333611488342,0.85489910364151,0.7729667019844055,0.8697916865348816,0.828125,0.8520833349227905,0.835625,0.859375,0.859375,0.8516666650772095,0.848125
967,0.9549999833106996,0.9464285969734192,0.85364910364151,0.7710917019844055,0.9635416865348816,0.96875,0.8508333349227906,0.835625,0.9427083134651184,0.90625,0.8512499976158142,0.848125
968,0.813725471496582,0.5769230723381042,0.8511000847816468,0.773399395942688,0.78125,0.765625,0.85,0.83375,0.8020833134651184,0.796875,0.8493749976158143,0.84625
969,0.8921568393707275,0.8653846383094788,0.8477667498588563,0.7671493959426879,0.921875,0.921875,0.84625,0.826875,0.9010416865348816,0.875,0.847083330154419,0.843125
970,0.9656862616539,0.9038461446762084,0.8494451808929443,0.7730834627151489,0.9583333134651184,0.921875,0.850625,0.829375,0.9479166865348816,0.9375,0.8491666650772095,0.845
971,0.8799999952316284,0.8392857313156128,0.8482819151878357,0.7772739410400391,0.875,0.8125,0.8504166650772095,0.83125,0.875,0.875,0.8483333301544189,0.8425
972,0.8679245114326477,0.6590909361839294,0.8492868161201477,0.7777066326141358,0.8177083134651184,0.828125,0.8508333325386047,0.82875,0.8541666865348816,0.84375,0.8468749976158142,0.844375
973,0.9215686321258544,0.9038461446762084,0.8492162299156188,0.7821022391319274,0.9114583134651184,0.890625,0.8545833325386047,0.83,0.8854166865348816,0.859375,0.8493749976158143,0.846875
974,0.7009803652763367,0.5384615659713745,0.8498644876480103,0.7851791620254517,0.6979166865348816,0.640625,0.8541666674613952,0.830625,0.7239583134651184,0.703125,0.8497916650772095,0.848125
975,0.8605769276618958,0.7291666865348816,0.8519053030014038,0.7865124940872192,0.828125,0.8125,0.858125,0.83125,0.8645833134651184,0.921875,0.851875,0.85125
976,0.9528301954269408,0.9545454382896424,0.8572114253044129,0.7898458266258239,0.953125,0.9375,0.8622916674613953,0.835625,0.9427083134651184,0.953125,0.8566666674613953,0.853125
977,0.8970588445663452,0.7307692170143127,0.8611265206336975,0.7885390090942382,0.90625,0.890625,0.8627083349227905,0.83,0.8541666865348816,0.875,0.8564583349227906,0.851875
978,0.824999988079071,0.8392857313156128,0.8601880574226379,0.786277105808258,0.875,0.84375,0.8602083349227905,0.825,0.8697916865348816,0.828125,0.8545833349227905,0.849375
979,0.90625,0.890625,0.8549186682701111,0.7813723421096802,0.9010416865348816,0.921875,0.8533333349227905,0.8175,0.921875,0.921875,0.8477083349227905,0.843125
980,0.7843137383460999,0.7692307829856873,0.8538340544700622,0.7743485307693482,0.7864583134651184,0.6875,0.8520833349227905,0.813125,0.7864583134651184,0.78125,0.8481250023841858,0.845
981,0.8333333134651184,0.71875,0.8514933681488037,0.781271607875824,0.8385416865348816,0.734375,0.8493750023841858,0.8125,0.8489583134651184,0.890625,0.8443750023841858,0.84375
982,0.901960790157318,0.8269230723381042,0.8526698398590088,0.7820408368110656,0.9322916865348816,0.859375,0.8495833349227905,0.813125,0.9166666865348816,0.921875,0.8447916674613952,0.84625
983,0.795918345451355,0.7833333611488342,0.8503689193725585,0.7805536580085755,0.8020833134651184,0.796875,0.8475000023841858,0.81125,0.8020833134651184,0.734375,0.8439583325386047,0.845
984,0.8480392098426819,0.807692289352417,0.8501689195632934,0.780107228755951,0.828125,0.765625,0.846666669845581,0.81,0.8229166865348816,0.84375,0.8433333325386048,0.843125
985,0.8382353186607361,0.7884615659713745,0.8482519388198853,0.7887435913085937,0.8645833134651184,0.828125,0.8481250047683716,0.806875,0.8385416865348816,0.84375,0.8441666650772095,0.844375
986,0.8529411554336548,0.8269230723381042,0.8483891940116882,0.7875897455215454,0.8385416865348816,0.828125,0.8479166722297669,0.8075,0.84375,0.84375,0.845833330154419,0.8475
987,0.7704081535339355,0.699999988079071,0.8570807480812073,0.8027179503440857,0.8177083134651184,0.765625,0.8572916722297669,0.8175,0.7604166865348816,0.78125,0.8543749976158143,0.855625
988,0.8571428656578064,0.75,0.8526576709747314,0.8018846154212952,0.8385416865348816,0.828125,0.8560416722297668,0.816875,0.8125,0.75,0.8504166650772095,0.84875
989,0.9103773832321168,0.7954545617103577,0.8490542674064636,0.7967797207832337,0.8697916865348816,0.734375,0.8506250047683716,0.8125,0.8697916865348816,0.859375,0.8454166650772095,0.839375
990,0.8365384340286255,0.7291666865348816,0.8445444631576539,0.794472029209137,0.828125,0.8125,0.8452083373069763,0.8075,0.8177083134651184,0.828125,0.8429166650772095,0.83625
991,0.7049999833106995,0.6607142686843872,0.8479444646835327,0.7909005999565124,0.6979166865348816,0.640625,0.8481250047683716,0.810625,0.6875,0.703125,0.8456249976158142,0.839375
992,0.9278846383094788,0.7708333134651184,0.8485572099685668,0.7921986770629883,0.9322916865348816,0.859375,0.8493750047683716,0.809375,0.953125,0.953125,0.8462499976158142,0.83875
993,0.7552083134651184,0.75,0.8538513278961181,0.79604483127594,0.7135416865348816,0.75,0.8547916722297668,0.81625,0.7083333134651184,0.765625,0.8506249976158142,0.845
994,0.9215686321258544,0.8846153616905212,0.8505179953575133,0.7903717541694641,0.9270833134651184,0.9375,0.8502083373069763,0.81375,0.9114583134651184,0.9375,0.8460416650772095,0.836875
995,0.9081632494926452,0.8666666746139526,0.8499297595024108,0.7896025228500366,0.90625,0.875,0.8481250023841858,0.81375,0.9270833134651184,0.90625,0.8431249976158142,0.835625
996,0.875,0.828125,0.8548930263519285,0.7954120445251465,0.8541666865348816,0.78125,0.852916669845581,0.815,0.859375,0.828125,0.8477083325386048,0.845
997,0.8199999928474426,0.875,0.8515714573860167,0.7909614968299866,0.8541666865348816,0.75,0.8504166698455811,0.815,0.875,0.875,0.8443749976158142,0.839375
998,0.925000011920929,0.875,0.855842044353485,0.7937087488174438,0.90625,0.90625,0.8525000047683716,0.818125,0.9270833134651184,0.9375,0.8479166626930237,0.843125
999,0.9182692170143129,0.9166666865348816,0.8549897050857542,0.7926318264007568,0.9322916865348816,0.890625,0.8491666698455811,0.8125,0.9375,0.90625,0.8441666626930237,0.838125
1000,0.75,0.7083333134651184,0.8553272247314452,0.792131826877594,0.796875,0.796875,0.8478869080543519,0.8132083344459534,0.765625,0.75,0.8445833277702331,0.83875
1001,0.8627451062202454,0.8269230723381042,0.8541184329986571,0.7887984943389893,0.8177083134651184,0.828125,0.8455952405929565,0.8094583344459534,0.8177083134651184,0.71875,0.8424999952316284,0.84
1002,0.7843137383460999,0.6730769276618958,0.8469033384323119,0.7862660264968873,0.7708333134651184,0.765625,0.8414285731315613,0.8119583344459533,0.7916666865348816,0.796875,0.8397916603088379,0.835
1003,0.9100000262260436,0.75,0.8515550088882445,0.7952811765670776,0.9479166865348816,0.921875,0.8455952405929565,0.8169583344459533,0.9375,0.90625,0.8454166603088379,0.840625
1004,0.9215686321258544,0.9230769276618958,0.8561001086235045,0.7980833745002747,0.9322916865348816,0.890625,0.8509438800811767,0.8233333349227905,0.9375,0.90625,0.8527083277702332,0.845625
1005,0.9166666865348816,0.8653846383094788,0.8580413269996642,0.8063409519195557,0.921875,0.859375,0.8532355451583862,0.8289583349227905,0.8958333134651184,0.9375,0.8541666603088379,0.8475
1006,0.75,0.5769230723381042,0.857016668319702,0.8056742858886718,0.7239583134651184,0.671875,0.8548979592323304,0.8256250023841858,0.734375,0.6875,0.8558333277702331,0.84625
1007,0.8872548937797546,0.807692289352417,0.8540314745903014,0.800289671421051,0.8802083134651184,0.859375,0.8515646266937256,0.8218750023841858,0.84375,0.890625,0.8529166626930237,0.84375
1008,0.9200000166893004,0.9285714030265808,0.8558299446105957,0.8031230044364929,0.921875,0.828125,0.8526062941551209,0.8212500023841858,0.9166666865348816,0.96875,0.8533333301544189,0.844375
1009,0.7649999856948853,0.6964285969734192,0.8576223969459533,0.8063616418838501,0.765625,0.765625,0.8578146266937255,0.8268750023841858,0.7395833134651184,0.703125,0.8568749976158142,0.85
1010,0.9449999928474426,0.8571428656578064,0.8603125929832458,0.8059770274162292,0.9166666865348816,0.90625,0.858856291770935,0.8300000023841858,0.9270833134651184,0.9375,0.8556249976158142,0.84875
1011,0.831632673740387,0.800000011920929,0.859979259967804,0.8025154900550843,0.7552083134651184,0.6875,0.8598979592323304,0.8312500023841858,0.75,0.71875,0.8547916650772095,0.846875
1012,0.7788461446762085,0.6875,0.8548484921455382,0.7937059664726257,0.7857142686843872,0.7833333611488342,0.852606291770935,0.8250000023841858,0.7708333134651184,0.796875,0.8504166650772095,0.8425
1013,0.8269230723381042,0.6666666865348816,0.8572484922409056,0.7910869193077087,0.78125,0.734375,0.8530229592323303,0.8212500023841858,0.7604166865348816,0.78125,0.8522916650772094,0.84375
1014,0.7300000190734863,0.7321428656578064,0.8572669887542723,0.7871009063720703,0.765625,0.796875,0.8536479592323303,0.8218750023841858,0.8020833134651184,0.734375,0.8529166650772094,0.8475
1015,0.9528301954269408,0.9545454382896424,0.8558944392204283,0.7873206853866577,0.9322916865348816,0.9375,0.8530229592323303,0.8212500023841858,0.9583333134651184,0.96875,0.8510416650772095,0.845625
1016,0.8186274766921997,0.7307692170143127,0.84847403049469,0.781320686340332,0.831632673740387,0.800000011920929,0.8451062917709351,0.8150000023841858,0.8697916865348816,0.828125,0.8441666650772095,0.838125
1017,0.9764150977134703,0.9772727489471436,0.8454112863540649,0.777254753112793,0.9895833134651184,1.0,0.8407312917709351,0.8118750023841858,0.9895833134651184,1.0,0.8395833325386047,0.83375
1018,0.7295918464660645,0.7333333492279053,0.8455446195602417,0.7769250822067261,0.7551020383834839,0.6666666865348816,0.8419812917709351,0.8150000023841858,0.75,0.734375,0.8420833325386048,0.834375
1019,0.8469387888908386,0.75,0.8529446196556091,0.7881338739395142,0.84375,0.84375,0.8496896266937256,0.8256250023841858,0.8385416865348816,0.875,0.8485416650772095,0.84375
1020,0.953125,0.9375,0.8503115677833557,0.7891595149040223,0.9322916865348816,0.859375,0.8486479616165161,0.8231250023841858,0.9375,0.921875,0.8479166650772094,0.840625
1021,0.9198113083839417,0.9090909361839294,0.8460115671157837,0.783891658782959,0.984375,0.921875,0.8432312941551209,0.8225000023841857,0.9479166865348816,0.96875,0.8439583301544189,0.83125
1022,0.8872548937797546,0.8653846383094788,0.8495292139053344,0.7898806691169739,0.8802083134651184,0.828125,0.8488562941551209,0.8250000023841858,0.84375,0.84375,0.8491666650772095,0.83875
1023,0.9166666865348816,0.7884615659713745,0.8423292136192322,0.7834520983695984,0.9322916865348816,0.9375,0.8442729592323304,0.8200000023841858,0.90625,0.890625,0.8445833325386047,0.831875
1024,0.7900000214576721,0.6964285969734192,0.842717752456665,0.779785430431366,0.75,0.734375,0.8467729592323303,0.8250000023841858,0.828125,0.796875,0.8479166650772094,0.836875
1025,0.8100000023841858,0.6428571343421936,0.8427639055252075,0.7837140011787415,0.8072916865348816,0.703125,0.8474277210235596,0.8292916679382324,0.8125,0.78125,0.8516666650772095,0.83625
1026,0.8632075190544128,0.7272727489471436,0.8437610578536987,0.7870473337173461,0.8333333134651184,0.84375,0.8504634356498718,0.8312500023841858,0.8333333134651184,0.8125,0.855208330154419,0.84
1027,0.75,0.6785714030265808,0.8467610573768616,0.7899044752120972,0.7552083134651184,0.75,0.8512967681884765,0.8318750023841858,0.7447916865348816,0.75,0.8549999976158142,0.841875
1028,0.7244898080825806,0.6000000238418579,0.8480709266662597,0.7867226576805115,0.75,0.765625,0.8531717681884765,0.8337500023841858,0.765625,0.71875,0.8566666650772095,0.8425
1029,0.8450000286102295,0.8214285969734192,0.847874846458435,0.7874918889999389,0.8229166865348816,0.8125,0.8559481287002564,0.8330000019073487,0.8229166865348816,0.796875,0.855833330154419,0.843125
1030,0.9200000166893004,0.8571428656578064,0.8442182421684266,0.7776866936683655,0.953125,0.9375,0.8501147961616516,0.8255000019073486,0.9583333134651184,0.953125,0.8491666650772095,0.83875
1031,0.9350000023841858,0.8571428656578064,0.8503286862373352,0.7775841283798218,0.9166666865348816,0.9375,0.8565773820877075,0.8325833344459533,0.8958333134651184,0.921875,0.8518749976158142,0.843125
1032,0.8214285969734192,0.8333333134651184,0.8496511340141296,0.7782984137535095,0.8541666865348816,0.796875,0.8547023820877075,0.8294583344459534,0.828125,0.8125,0.8512499976158142,0.841875
1033,0.8125,0.796875,0.8472124075889588,0.7746445679664612,0.7864583134651184,0.8125,0.8522023820877075,0.8288333344459534,0.8177083134651184,0.734375,0.8487499976158142,0.84
1034,0.8529411554336548,0.8461538553237915,0.8391954660415649,0.7656142640113831,0.90625,0.828125,0.8419940495491027,0.8182083344459534,0.8697916865348816,0.890625,0.8397916626930236,0.830625
1035,0.7649999856948853,0.6964285969734192,0.8419052696228028,0.7659988784790039,0.8020833134651184,0.78125,0.8455612277984619,0.821083333492279,0.8125,0.765625,0.8441666626930237,0.835
1036,0.8413461446762085,0.7083333134651184,0.8399444842338561,0.7683065700531005,0.8177083134651184,0.8125,0.8445195603370667,0.8179583334922791,0.8333333134651184,0.84375,0.8443749952316284,0.83625
1037,0.7799999713897705,0.7857142686843872,0.8463444828987121,0.7740208554267883,0.8020833134651184,0.890625,0.851811227798462,0.8223333334922791,0.8645833134651184,0.78125,0.8472916626930237,0.8375
1038,0.8518518805503845,0.75,0.8504750943183899,0.7836399030685425,0.8571428656578064,0.7833333611488342,0.8561862277984619,0.826708333492279,0.8489583134651184,0.875,0.8512499952316284,0.84125
1039,0.8050000071525574,0.8035714030265808,0.8529838299751282,0.7895489931106567,0.7864583134651184,0.8125,0.8593112277984619,0.830458333492279,0.796875,0.78125,0.855208330154419,0.84625
1040,0.9855769276618958,0.875,0.8576897120475769,0.7900984454154968,0.9791666865348816,0.984375,0.8638945627212524,0.8335833334922791,1.0,0.984375,0.8591666626930237,0.85125
1041,0.813725471496582,0.75,0.864004237651825,0.7991753673553467,0.9010416865348816,0.78125,0.8697278952598572,0.8398333334922791,0.8489583134651184,0.84375,0.8643749952316284,0.85875
1042,0.8849999904632568,0.7321428656578064,0.8696042370796203,0.8041753673553467,0.84375,0.8125,0.8755612277984619,0.846083333492279,0.8229166865348816,0.890625,0.8687499952316284,0.865
1043,0.8823529481887817,0.7307692170143127,0.8582209038734436,0.7930146527290344,0.9166666865348816,0.84375,0.8676445603370666,0.832333333492279,0.8177083134651184,0.84375,0.8587499952316284,0.8525
1044,0.8299999833106995,0.7678571343421936,0.8584679627418518,0.7925750923156738,0.796875,0.765625,0.8682695603370667,0.826708333492279,0.8229166865348816,0.84375,0.8597916626930237,0.853125
1045,0.8921568393707275,0.8461538553237915,0.8620259141921998,0.7919690322875976,0.8697916865348816,0.84375,0.8672278928756714,0.827333333492279,0.875,0.875,0.8612499952316284,0.855625
1046,0.7193877696990967,0.6833333373069763,0.8691412997245789,0.7975940322875976,0.7291666865348816,0.65625,0.8757695603370667,0.8342083334922791,0.7239583134651184,0.734375,0.8674999952316285,0.865
1047,0.9549999833106996,0.875,0.8629828381538391,0.7864145445823669,0.9693877696990968,0.8999999761581421,0.8655612277984619,0.827333333492279,0.953125,0.953125,0.8595833277702332,0.854375
1048,0.8676470518112183,0.8461538553237915,0.8675751471519471,0.7885574007034302,0.90625,0.859375,0.8686862277984619,0.830458333492279,0.9114583134651184,0.921875,0.8622916603088379,0.85875
1049,0.949999988079071,0.8392857313156128,0.8669982242584229,0.7902240681648255,0.9322916865348816,0.84375,0.8691028952598572,0.8285833334922791,0.9010416865348816,0.828125,0.8616666603088379,0.8575
1050,0.9132652878761292,0.8833333253860474,0.8677590107917785,0.7849493432044983,0.9166666865348816,0.8125,0.8670195627212525,0.8223333334922791,0.9114583134651184,0.875,0.8572916603088379,0.855625
1051,0.92592591047287,0.875,0.8683003211021423,0.7924493432044983,0.9114583134651184,0.9375,0.8679421806335449,0.8272499990463257,0.9322916865348816,0.9375,0.8583333277702332,0.855
1052,0.8676470518112183,0.692307710647583,0.8732431769371033,0.7956398200988769,0.8697916865348816,0.828125,0.8731505155563355,0.8297499990463257,0.84375,0.875,0.8629166603088378,0.858125
1053,0.8823529481887817,0.8269230723381042,0.8704867672920227,0.7937167429924011,0.8958333134651184,0.921875,0.8671088480949402,0.8216249990463257,0.8958333134651184,0.90625,0.8572916603088379,0.8525
1054,0.9850000143051147,0.9464285969734192,0.875284686088562,0.7997167420387268,0.96875,0.96875,0.869817180633545,0.8297499990463257,0.9322916865348816,0.953125,0.8591666603088379,0.855625
1055,0.6354166865348816,0.578125,0.8787308406829833,0.8062643599510193,0.7552083134651184,0.59375,0.8735671806335449,0.8334999990463257,0.7083333134651184,0.640625,0.8660416603088379,0.858125
1056,0.9411764740943908,0.8461538553237915,0.8774367237091064,0.8106050205230713,0.9322916865348816,0.796875,0.8712755131721497,0.8334999990463257,0.921875,0.9375,0.8670833277702331,0.858125
1057,0.9103773832321168,0.8181818127632141,0.8788367247581482,0.8127478790283204,0.828125,0.8125,0.8729421806335449,0.8347499990463256,0.8645833134651184,0.875,0.8664583277702331,0.856875
1058,0.9903846383094788,0.9375,0.8751912665367126,0.810235059261322,1.0,0.984375,0.869192180633545,0.8316249990463257,0.9739583134651184,0.96875,0.8622916603088379,0.851875
1059,0.6989796161651611,0.5666666626930237,0.8815137958526611,0.8152094173431397,0.6510416865348816,0.65625,0.8737755131721496,0.8409999990463257,0.671875,0.625,0.8668749952316284,0.856875
1060,0.879807710647583,0.75,0.8737219595909118,0.8082094168663025,0.8802083134651184,0.859375,0.866666669845581,0.835625,0.8802083134651184,0.875,0.8583333277702332,0.85125
1061,0.8269230723381042,0.75,0.877016077041626,0.8136489772796631,0.828125,0.765625,0.8687500023841858,0.838125,0.8177083134651184,0.8125,0.8604166626930236,0.8525
1062,0.7990196347236633,0.6538461446762085,0.8710160779953003,0.8079346919059753,0.75,0.734375,0.8635416674613953,0.833125,0.7552083134651184,0.734375,0.8566666626930237,0.851875
1063,0.8653846383094788,0.9375,0.8702546977996826,0.7984346914291381,0.8802083134651184,0.90625,0.8616666674613953,0.83625,0.875,0.859375,0.8568749976158142,0.854375
1064,0.9285714030265808,0.8833333253860474,0.8685117793083191,0.798819305896759,0.9166666865348816,0.875,0.8639583349227905,0.8375,0.9114583134651184,0.859375,0.8556249976158142,0.85375
1065,0.9166666865348816,0.8269230723381042,0.8705366659164429,0.8036269974708558,0.828125,0.78125,0.8654166674613952,0.841875,0.859375,0.84375,0.8585416650772095,0.854375
1066,0.9336734414100648,0.8999999761581421,0.8664670372009278,0.7972167420387268,0.96875,0.984375,0.8620833349227905,0.8375,0.8958333134651184,0.921875,0.8560416650772095,0.85125
1067,0.9711538553237916,0.8958333134651184,0.8611846828460693,0.7885903668403625,0.9375,0.90625,0.8564583349227906,0.8325,0.9947916865348816,0.953125,0.8539583301544189,0.8475
1068,0.8500000238418579,0.8392857313156128,0.8710510349273681,0.7991017293930054,0.859375,0.84375,0.8633333349227905,0.845625,0.84375,0.84375,0.860833330154419,0.8575
1069,0.8650000095367432,0.8214285969734192,0.8704039764404297,0.8002555751800537,0.8385416865348816,0.796875,0.8622916674613953,0.84875,0.8072916865348816,0.8125,0.8593749976158143,0.8525
1070,0.8010203838348389,0.7833333611488342,0.8629684734344483,0.7975283026695251,0.7760416865348816,0.765625,0.8597916674613952,0.845625,0.7708333134651184,0.75,0.8539583325386048,0.85
1071,0.8774510025978088,0.807692289352417,0.8611962246894836,0.796951379776001,0.84375,0.890625,0.8575,0.84125,0.8385416865348816,0.859375,0.8545833325386047,0.85
1072,0.7602040767669678,0.699999988079071,0.8675507664680481,0.8089000988006592,0.7916666865348816,0.765625,0.865625,0.848125,0.7395833134651184,0.8125,0.861875,0.85875
1073,0.949999988079071,0.9821428656578064,0.8658878707885742,0.8081308674812316,0.9583333134651184,0.921875,0.8647916674613952,0.8475,0.9635416865348816,0.953125,0.859375,0.8575
1074,0.800000011920929,0.6964285969734192,0.865055844783783,0.8107975339889526,0.8020833134651184,0.71875,0.865625,0.8475,0.8072916865348816,0.8125,0.8589583349227905,0.858125
1075,0.8942307829856873,0.6458333134651184,0.865695059299469,0.815357973575592,0.8697916865348816,0.890625,0.8683333325386048,0.85125,0.9166666865348816,0.9375,0.8593750023841857,0.859375
1076,0.8823529481887817,0.8846153616905212,0.8600592660903931,0.8078579735755921,0.96875,0.96875,0.865625,0.845,0.9010416865348816,0.921875,0.8552083349227906,0.85625
1077,0.9182692170143129,0.8125,0.8601164102554322,0.8089532113075256,0.90625,0.9375,0.865,0.843125,0.9166666865348816,0.890625,0.8545833349227905,0.8575
1078,0.7806122303009033,0.6666666865348816,0.8582497429847717,0.807304859161377,0.8125,0.8125,0.865625,0.844375,0.8333333134651184,0.828125,0.8543750023841858,0.856875
1079,0.8529411554336548,0.7307692170143127,0.8563028049468994,0.8048762893676757,0.828125,0.84375,0.8622916674613953,0.8375,0.8802083134651184,0.859375,0.8537500023841857,0.854375
1080,0.8820754885673523,0.8409090638160706,0.8528412652015686,0.8023762893676758,0.9270833134651184,0.921875,0.860625,0.83625,0.8802083134651184,0.890625,0.8510416674613953,0.853125
1081,0.925000011920929,0.875,0.8531269788742065,0.802138192653656,0.90625,0.875,0.860625,0.835,0.8854166865348816,0.8125,0.851875,0.853125
1082,0.7244898080825806,0.75,0.8542132520675659,0.8031272029876709,0.765625,0.734375,0.8614583325386047,0.836875,0.7291666865348816,0.8125,0.8558333325386047,0.85625
1083,0.9460784196853638,0.9230769276618958,0.8578328132629395,0.8045211410522461,0.9427083134651184,0.875,0.8662499976158142,0.836875,0.9895833134651184,0.96875,0.86,0.865
1084,0.8578431606292725,0.8653846383094788,0.8619504594802856,0.8083672952651978,0.8541666865348816,0.828125,0.8716666650772095,0.83875,0.8541666865348816,0.84375,0.8654166650772095,0.86875
1085,0.8382353186607361,0.7307692170143127,0.868417296409607,0.8178672957420349,0.859375,0.84375,0.8781249976158142,0.84625,0.8177083134651184,0.84375,0.8733333325386048,0.874375
1086,0.8061224222183228,0.8166666626930237,0.8689887261390686,0.8139149141311646,0.8489583134651184,0.765625,0.8770833325386047,0.844375,0.8072916865348816,0.828125,0.8720833325386047,0.875
1087,0.8149999976158142,0.7678571343421936,0.8686213779449463,0.8087244367599488,0.8177083134651184,0.828125,0.8775,0.848125,0.765625,0.765625,0.8685416650772094,0.871875
1088,0.7244898080825806,0.75,0.8695188140869141,0.8167372584342957,0.8125,0.75,0.8783333325386047,0.8475,0.7708333134651184,0.78125,0.8674999976158142,0.86875
1089,0.9300000071525574,0.9107142686843872,0.8689840584993362,0.8139090041319529,0.9010416865348816,0.828125,0.87456597139438,0.8424479166666666,0.8958333134651184,0.890625,0.8661024272441864,0.8665364583333334
1090,0.8700000047683716,0.7857142686843872,0.8668412255204242,0.8139702651811682,0.84375,0.8125,0.873188404933266,0.8383152173913043,0.8541666865348816,0.828125,0.8639039811880692,0.8654891304347826
1091,0.8849999904632568,0.8392857313156128,0.8707607253031298,0.8206658823923632,0.8854166865348816,0.8125,0.875946968793869,0.8394886363636364,0.8802083134651184,0.859375,0.8652935569936578,0.8671875
1092,0.8846153616905212,0.8333333134651184,0.8716092762492952,0.824946675981794,0.8958333134651184,0.875,0.8782242054031009,0.8392857142857143,0.9270833134651184,0.921875,0.8645833304950169,0.8675595238095238
1093,0.8571428656578064,0.8333333134651184,0.8710859656333924,0.8241485565900802,0.859375,0.8125,0.87578125,0.83515625,0.8645833134651184,0.84375,0.8638020813465118,0.86640625
1094,0.8921568393707275,0.8461538553237915,0.8682483842498377,0.8214721648316634,0.859375,0.84375,0.8741776315789473,0.8330592105263158,0.90625,0.890625,0.8626644705471239,0.8692434210526315
1095,0.8915094137191772,0.8181818127632141,0.8762349718146853,0.8254428406556448,0.8958333134651184,0.765625,0.8802083333333334,0.8385416666666666,0.875,0.96875,0.8700810141033597,0.8723958333333334
1096,0.9803921580314636,0.9038461446762084,0.8721265337046454,0.8196996590670418,0.9791666865348816,0.9375,0.8765318639138165,0.8363970588235294,0.9739583134651184,0.953125,0.8630514670820797,0.8667279411764706
1097,0.921875,0.9375,0.8730192445218562,0.8168443478643894,0.953125,0.953125,0.8779296875,0.8369140625,0.9375,0.953125,0.8636067658662796,0.8681640625
1098,0.9642857313156128,0.8833333253860474,0.8753381729125975,0.8225826899210612,0.9322916865348816,0.875,0.8791666666666667,0.8364583333333333,0.9322916865348816,0.96875,0.8666666626930237,0.8697916666666666
1099,0.7908163070678711,0.5666666626930237,0.8802821551050457,0.8230052632944924,0.8125,0.8125,0.881324406181063,0.8415178571428571,0.71875,0.734375,0.8709077324186053,0.8727678571428571
1100,0.9166666865348816,0.8461538553237915,0.8853038595272943,0.8272474270600539,0.890625,0.875,0.8862179517745972,0.8425480769230769,0.890625,0.859375,0.8790064041431134,0.8810096153846154
